[{"model": "tracker.user", "pk": 9, "fields": {"webuser": 1, "strava_id": 43457185, "firstName": "Tom", "lastName": "Hayter", "accessToken": "b4dba95e38788e2b26a2700d0d229e2be7dce973", "refreshToken": "46dd5f881e468fcb1432ef0287de87a65853350d", "code": "abc", "expiresAt": 1771258550}}, {"model": "tracker.trophy", "pk": 51, "fields": {"name": "Most Elevation Gained", "value": "16368", "unit": "m", "holder": 9}}, {"model": "tracker.trophy", "pk": 52, "fields": {"name": "Longest Run", "value": "21.52", "unit": "km", "holder": 9}}, {"model": "tracker.trophy", "pk": 53, "fields": {"name": "Longest Ride", "value": "51.76", "unit": "km", "holder": 9}}, {"model": "tracker.trophy", "pk": 54, "fields": {"name": "Longest Hike", "value": "38.0", "unit": "km", "holder": 9}}, {"model": "tracker.trophy", "pk": 55, "fields": {"name": "Biggest Climb", "value": "1551", "unit": "m", "holder": 9}}, {"model": "tracker.trophy", "pk": 56, "fields": {"name": "Most Activities", "value": "100", "unit": null, "holder": 9}}, {"model": "tracker.trophy", "pk": 57, "fields": {"name": "Most Time Recorded", "value": "6 days, 20:49:12", "unit": null, "holder": 9}}, {"model": "tracker.trophy", "pk": 58, "fields": {"name": "Most Running Distance", "value": "449.61", "unit": "km", "holder": 9}}, {"model": "tracker.trophy", "pk": 59, "fields": {"name": "Most Cycling Distance", "value": "134.22", "unit": "km", "holder": 9}}, {"model": "tracker.trophy", "pk": 60, "fields": {"name": "Most Hiking Distance", "value": "290.09", "unit": "km", "holder": 9}}, {"model": "tracker.trophy", "pk": 61, "fields": {"name": "Most Countries Visited", "value": "1", "unit": null, "holder": 9}}, {"model": "tracker.trophy", "pk": 62, "fields": {"name": "Fastest 5k", "value": "999999999 days, 23:59:59.999999", "unit": null, "holder": null}}, {"model": "tracker.trophy", "pk": 63, "fields": {"name": "Fastest 10k", "value": "999999999 days, 23:59:59.999999", "unit": null, "holder": null}}, {"model": "tracker.trophy", "pk": 64, "fields": {"name": "Fastest Half Marathon", "value": "2:11:17", "unit": null, "holder": 9}}, {"model": "tracker.trophy", "pk": 65, "fields": {"name": "Fastest Marathon", "value": null, "unit": null, "holder": null}}, {"model": "tracker.trophy", "pk": 66, "fields": {"name": "Highest Point", "value": "1220", "unit": "m", "holder": 9}}, {"model": "tracker.trophy", "pk": 67, "fields": {"name": "Fastest 20k", "value": null, "unit": null, "holder": null}}, {"model": "tracker.trophy", "pk": 68, "fields": {"name": "Fastest 50k", "value": null, "unit": null, "holder": null}}, {"model": "tracker.trophy", "pk": 69, "fields": {"name": "Fastest 100k", "value": null, "unit": null, "holder": null}}, {"model": "tracker.trophy", "pk": 70, "fields": {"name": "2023/24 Champion", "value": null, "unit": null, "holder": null}}, {"model": "tracker.trophy", "pk": 71, "fields": {"name": "2024/25 Champion", "value": null, "unit": null, "holder": null}}, {"model": "tracker.trophy", "pk": 72, "fields": {"name": "Best Injury", "value": "Ploughed down on Shirley High St.", "unit": null, "holder": null}}, {"model": "tracker.trophy", "pk": 73, "fields": {"name": "Most Mountains Climbed", "value": null, "unit": null, "holder": null}}, {"model": "tracker.milestone", "pk": 1, "fields": {"name": "Karman Line (Outer Space)", "distance": 100, "imageFile": "karman.png", "altitude": false}}, {"model": "tracker.milestone", "pk": 4, "fields": {"name": "Southampton to Bristol", "distance": 134, "imageFile": "bristol.png", "altitude": false}}, {"model": "tracker.milestone", "pk": 5, "fields": {"name": "Length of River Thames", "distance": 346, "imageFile": "thames.png", "altitude": false}}, {"model": "tracker.milestone", "pk": 6, "fields": {"name": "M6", "distance": 374, "imageFile": "m6.png", "altitude": false}}, {"model": "tracker.milestone", "pk": 7, "fields": {"name": "Death Star Circumference", "distance": 377, "imageFile": "deathStar.png", "altitude": false}}, {"model": "tracker.milestone", "pk": 8, "fields": {"name": "Southampton to Manchester", "distance": 381, "imageFile": "manchester.png", "altitude": false}}, {"model": "tracker.milestone", "pk": 9, "fields": {"name": "The Old Way", "distance": 386, "imageFile": "oldway.png", "altitude": false}}, {"model": "tracker.milestone", "pk": 10, "fields": {"name": "London Tube Total Length", "distance": 402, "imageFile": "tube.png", "altitude": false}}, {"model": "tracker.milestone", "pk": 11, "fields": {"name": "Penine Way", "distance": 431, "imageFile": "penine.png", "altitude": false}}, {"model": "tracker.milestone", "pk": 12, "fields": {"name": "London to Paris", "distance": 465, "imageFile": "londonparis.png", "altitude": false}}, {"model": "tracker.milestone", "pk": 13, "fields": {"name": "Death Star II Circumference", "distance": 503, "imageFile": null, "altitude": false}}, {"model": "tracker.milestone", "pk": 14, "fields": {"name": "Edinburgh to Penzance", "distance": 667, "imageFile": "penzance.png", "altitude": false}}, {"model": "tracker.milestone", "pk": 15, "fields": {"name": "Southampton to Edinburgh", "distance": 747, "imageFile": "edinburgh.png", "altitude": false}}, {"model": "tracker.milestone", "pk": 16, "fields": {"name": "Camino de Santiago", "distance": 830, "imageFile": "santiago.png", "altitude": false}}, {"model": "tracker.milestone", "pk": 17, "fields": {"name": "Megametre", "distance": 1000, "imageFile": "megametre.png", "altitude": false}}, {"model": "tracker.milestone", "pk": 18, "fields": {"name": "South West Coast Path", "distance": 1014, "imageFile": null, "altitude": false}}, {"model": "tracker.milestone", "pk": 19, "fields": {"name": "Southampton to Berlin", "distance": 1267, "imageFile": null, "altitude": false}}, {"model": "tracker.milestone", "pk": 20, "fields": {"name": "Hannibal Elephants", "distance": 1448, "imageFile": null, "altitude": false}}, {"model": "tracker.milestone", "pk": 21, "fields": {"name": "Northernmost Point to Lands End", "distance": 1542, "imageFile": null, "altitude": false}}, {"model": "tracker.milestone", "pk": 22, "fields": {"name": "GMT time zone width", "distance": 1670, "imageFile": null, "altitude": false}}, {"model": "tracker.milestone", "pk": 23, "fields": {"name": "Southampton to Rome", "distance": 1984, "imageFile": null, "altitude": false}}, {"model": "tracker.milestone", "pk": 24, "fields": {"name": "Lord of the Rings Hike", "distance": 2173, "imageFile": null, "altitude": false}}, {"model": "tracker.milestone", "pk": 25, "fields": {"name": "Winterfell to Kingslanding", "distance": 2350, "imageFile": null, "altitude": false}}, {"model": "tracker.milestone", "pk": 26, "fields": {"name": "Ganges River Length", "distance": 2525, "imageFile": null, "altitude": false}}, {"model": "tracker.milestone", "pk": 27, "fields": {"name": "Oreint Express", "distance": 2740, "imageFile": null, "altitude": false}}, {"model": "tracker.milestone", "pk": 28, "fields": {"name": "Southampton to Athens", "distance": 2803, "imageFile": null, "altitude": false}}, {"model": "tracker.milestone", "pk": 29, "fields": {"name": "Danube River Length", "distance": 2850, "imageFile": null, "altitude": false}}, {"model": "tracker.milestone", "pk": 30, "fields": {"name": "Te Araroa Trail", "distance": 3000, "imageFile": null, "altitude": false}}, {"model": "tracker.milestone", "pk": 31, "fields": {"name": "Cross US Rail (Pacific Railroad)", "distance": 3077, "imageFile": null, "altitude": false}}, {"model": "tracker.milestone", "pk": 32, "fields": {"name": "Ireland Coastline", "distance": 3172, "imageFile": null, "altitude": false}}, {"model": "tracker.milestone", "pk": 33, "fields": {"name": "Crusade Distance", "distance": 3219, "imageFile": null, "altitude": false}}, {"model": "tracker.milestone", "pk": 34, "fields": {"name": "Titanic Sailing Distance", "distance": 3331, "imageFile": null, "altitude": false}}, {"model": "tracker.milestone", "pk": 35, "fields": {"name": "1000 Common Laps", "distance": 3400, "imageFile": null, "altitude": false}}, {"model": "tracker.milestone", "pk": 36, "fields": {"name": "2023 Tour de France", "distance": 3406, "imageFile": null, "altitude": false}}, {"model": "tracker.milestone", "pk": 37, "fields": {"name": "Appalachian Trail", "distance": 3538, "imageFile": null, "altitude": false}}, {"model": "tracker.milestone", "pk": 38, "fields": {"name": "All UK Motorways", "distance": 3701, "imageFile": null, "altitude": false}}, {"model": "tracker.milestone", "pk": 39, "fields": {"name": "Route 66", "distance": 3940, "imageFile": null, "altitude": false}}, {"model": "tracker.milestone", "pk": 40, "fields": {"name": "Width of Sahara Desert", "distance": 4800, "imageFile": null, "altitude": false}}, {"model": "tracker.milestone", "pk": 41, "fields": {"name": "New York to Los Angeles", "distance": 5218, "imageFile": null, "altitude": false}}, {"model": "tracker.milestone", "pk": 42, "fields": {"name": "Antartica Width", "distance": 5339, "imageFile": null, "altitude": false}}, {"model": "tracker.milestone", "pk": 43, "fields": {"name": "Colombus sail to america", "distance": 5741, "imageFile": null, "altitude": false}}, {"model": "tracker.milestone", "pk": 44, "fields": {"name": "Centre of the Earth", "distance": 6371, "imageFile": null, "altitude": false}}, {"model": "tracker.milestone", "pk": 45, "fields": {"name": "Amazon Length", "distance": 6400, "imageFile": null, "altitude": false}}, {"model": "tracker.milestone", "pk": 46, "fields": {"name": "Nile Length", "distance": 6650, "imageFile": null, "altitude": false}}, {"model": "tracker.milestone", "pk": 47, "fields": {"name": "F1 Calendar 2023", "distance": 7324, "imageFile": null, "altitude": false}}, {"model": "tracker.milestone", "pk": 48, "fields": {"name": "Southampton to El Capitan", "distance": 8468, "imageFile": null, "altitude": false}}, {"model": "tracker.milestone", "pk": 49, "fields": {"name": "US Canada Border", "distance": 8891, "imageFile": null, "altitude": false}}, {"model": "tracker.milestone", "pk": 50, "fields": {"name": "Russia Side to Side", "distance": 9000, "imageFile": null, "altitude": false}}, {"model": "tracker.milestone", "pk": 51, "fields": {"name": "Trans Siberian Railway", "distance": 9289, "imageFile": null, "altitude": false}}, {"model": "tracker.milestone", "pk": 52, "fields": {"name": "Europa Circumference", "distance": 9807, "imageFile": null, "altitude": false}}, {"model": "tracker.milestone", "pk": 53, "fields": {"name": "Africa Top to Bottom (Cape Town to Tangier)", "distance": 10691, "imageFile": null, "altitude": false}}, {"model": "tracker.milestone", "pk": 54, "fields": {"name": "Moon Circumference", "distance": 10921, "imageFile": null, "altitude": false}}, {"model": "tracker.milestone", "pk": 55, "fields": {"name": "Io Circumference", "distance": 11446, "imageFile": null, "altitude": false}}, {"model": "tracker.milestone", "pk": 56, "fields": {"name": "Earth Diameter", "distance": 12742, "imageFile": null, "altitude": false}}, {"model": "tracker.milestone", "pk": 57, "fields": {"name": "Ginger Man's African Run", "distance": 15000, "imageFile": null, "altitude": false}}, {"model": "tracker.milestone", "pk": 58, "fields": {"name": "Mercury Circumference", "distance": 15329, "imageFile": null, "altitude": false}}, {"model": "tracker.milestone", "pk": 59, "fields": {"name": "All UK Railways", "distance": 15874, "imageFile": null, "altitude": false}}, {"model": "tracker.milestone", "pk": 60, "fields": {"name": "Titan Circumference", "distance": 16178, "imageFile": null, "altitude": false}}, {"model": "tracker.milestone", "pk": 61, "fields": {"name": "Southampton to Sydney", "distance": 17104, "imageFile": null, "altitude": false}}, {"model": "tracker.milestone", "pk": 62, "fields": {"name": "UK Mainland Coastline", "distance": 17819, "imageFile": null, "altitude": false}}, {"model": "tracker.milestone", "pk": 63, "fields": {"name": "Southampton to Wellington", "distance": 18903, "imageFile": null, "altitude": false}}, {"model": "tracker.milestone", "pk": 64, "fields": {"name": "Pole to Pole", "distance": 20015, "imageFile": null, "altitude": false}}, {"model": "tracker.milestone", "pk": 65, "fields": {"name": "Halfway", "distance": 20038, "imageFile": null, "altitude": false}}, {"model": "tracker.milestone", "pk": 66, "fields": {"name": "Great Wall of China Length", "distance": 21096, "imageFile": null, "altitude": false}}, {"model": "tracker.milestone", "pk": 67, "fields": {"name": "Mars Circumference", "distance": 21344, "imageFile": null, "altitude": false}}, {"model": "tracker.milestone", "pk": 68, "fields": {"name": "Australian Coastline", "distance": 25760, "imageFile": null, "altitude": false}}, {"model": "tracker.milestone", "pk": 69, "fields": {"name": "Light Blink", "distance": 30000, "imageFile": null, "altitude": false}}, {"model": "tracker.milestone", "pk": 70, "fields": {"name": "10000 Common Laps", "distance": 34000, "imageFile": null, "altitude": false}}, {"model": "tracker.milestone", "pk": 71, "fields": {"name": "Russian Coastline", "distance": 37654, "imageFile": null, "altitude": false}}, {"model": "tracker.milestone", "pk": 72, "fields": {"name": "Venus Circumference", "distance": 38025, "imageFile": null, "altitude": false}}, {"model": "tracker.milestone", "pk": 73, "fields": {"name": "Finish Line", "distance": 40075, "imageFile": null, "altitude": false}}, {"model": "tracker.milestone", "pk": 74, "fields": {"name": "Three Peaks Sum", "distance": 3408, "imageFile": "3peaks.png", "altitude": true}}, {"model": "tracker.milestone", "pk": 75, "fields": {"name": "Mount Fuji", "distance": 3776, "imageFile": "fuji.png", "altitude": true}}, {"model": "tracker.milestone", "pk": 76, "fields": {"name": "Mont Blanc", "distance": 4809, "imageFile": null, "altitude": true}}, {"model": "tracker.milestone", "pk": 77, "fields": {"name": "Kilimanjaro", "distance": 5895, "imageFile": null, "altitude": true}}, {"model": "tracker.milestone", "pk": 78, "fields": {"name": "Mount Everest", "distance": 8849, "imageFile": null, "altitude": true}}, {"model": "tracker.milestone", "pk": 79, "fields": {"name": "Mariana Trench", "distance": 10916, "imageFile": null, "altitude": true}}, {"model": "tracker.milestone", "pk": 80, "fields": {"name": "Planes Cruising", "distance": 12802, "imageFile": null, "altitude": true}}, {"model": "tracker.milestone", "pk": 81, "fields": {"name": "14 8000's", "distance": 115973, "imageFile": null, "altitude": true}}, {"model": "tracker.milestone", "pk": 82, "fields": {"name": "ISS", "distance": 400000, "imageFile": null, "altitude": true}}, {"model": "tracker.usermilestone", "pk": 481, "fields": {"user": 9, "milestone": 1, "dateAchieved": "2023-09-14"}}, {"model": "tracker.usermilestone", "pk": 482, "fields": {"user": 9, "milestone": 4, "dateAchieved": "2023-09-23"}}, {"model": "tracker.usermilestone", "pk": 483, "fields": {"user": 9, "milestone": 5, "dateAchieved": "2023-12-17"}}, {"model": "tracker.usermilestone", "pk": 484, "fields": {"user": 9, "milestone": 6, "dateAchieved": "2024-01-11"}}, {"model": "tracker.usermilestone", "pk": 485, "fields": {"user": 9, "milestone": 7, "dateAchieved": "2024-01-11"}}, {"model": "tracker.usermilestone", "pk": 486, "fields": {"user": 9, "milestone": 8, "dateAchieved": "2024-01-13"}}, {"model": "tracker.usermilestone", "pk": 487, "fields": {"user": 9, "milestone": 9, "dateAchieved": "2024-01-13"}}, {"model": "tracker.usermilestone", "pk": 488, "fields": {"user": 9, "milestone": 10, "dateAchieved": "2024-01-26"}}, {"model": "tracker.usermilestone", "pk": 489, "fields": {"user": 9, "milestone": 11, "dateAchieved": "2024-02-09"}}, {"model": "tracker.usermilestone", "pk": 490, "fields": {"user": 9, "milestone": 12, "dateAchieved": "2024-02-20"}}, {"model": "tracker.usermilestone", "pk": 491, "fields": {"user": 9, "milestone": 13, "dateAchieved": "2024-03-16"}}, {"model": "tracker.usermilestone", "pk": 492, "fields": {"user": 9, "milestone": 14, "dateAchieved": "2024-05-19"}}, {"model": "tracker.usermilestone", "pk": 493, "fields": {"user": 9, "milestone": 15, "dateAchieved": "2024-06-30"}}, {"model": "tracker.usermilestone", "pk": 494, "fields": {"user": 9, "milestone": 16, "dateAchieved": "2024-08-03"}}, {"model": "tracker.usermilestone", "pk": 495, "fields": {"user": 9, "milestone": 17, "dateAchieved": "2025-03-26"}}, {"model": "tracker.usermilestone", "pk": 496, "fields": {"user": 9, "milestone": 18, "dateAchieved": "2025-04-25"}}, {"model": "tracker.usermilestone", "pk": 497, "fields": {"user": 9, "milestone": 19, "dateAchieved": null}}, {"model": "tracker.usermilestone", "pk": 498, "fields": {"user": 9, "milestone": 20, "dateAchieved": null}}, {"model": "tracker.usermilestone", "pk": 499, "fields": {"user": 9, "milestone": 21, "dateAchieved": null}}, {"model": "tracker.usermilestone", "pk": 500, "fields": {"user": 9, "milestone": 22, "dateAchieved": null}}, {"model": "tracker.usermilestone", "pk": 501, "fields": {"user": 9, "milestone": 23, "dateAchieved": null}}, {"model": "tracker.usermilestone", "pk": 502, "fields": {"user": 9, "milestone": 24, "dateAchieved": null}}, {"model": "tracker.usermilestone", "pk": 503, "fields": {"user": 9, "milestone": 25, "dateAchieved": null}}, {"model": "tracker.usermilestone", "pk": 504, "fields": {"user": 9, "milestone": 26, "dateAchieved": null}}, {"model": "tracker.usermilestone", "pk": 505, "fields": {"user": 9, "milestone": 27, "dateAchieved": null}}, {"model": "tracker.usermilestone", "pk": 506, "fields": {"user": 9, "milestone": 28, "dateAchieved": null}}, {"model": "tracker.usermilestone", "pk": 507, "fields": {"user": 9, "milestone": 29, "dateAchieved": null}}, {"model": "tracker.usermilestone", "pk": 508, "fields": {"user": 9, "milestone": 30, "dateAchieved": null}}, {"model": "tracker.usermilestone", "pk": 509, "fields": {"user": 9, "milestone": 31, "dateAchieved": null}}, {"model": "tracker.usermilestone", "pk": 510, "fields": {"user": 9, "milestone": 32, "dateAchieved": null}}, {"model": "tracker.usermilestone", "pk": 511, "fields": {"user": 9, "milestone": 33, "dateAchieved": null}}, {"model": "tracker.usermilestone", "pk": 512, "fields": {"user": 9, "milestone": 34, "dateAchieved": null}}, {"model": "tracker.usermilestone", "pk": 513, "fields": {"user": 9, "milestone": 35, "dateAchieved": null}}, {"model": "tracker.usermilestone", "pk": 514, "fields": {"user": 9, "milestone": 36, "dateAchieved": null}}, {"model": "tracker.usermilestone", "pk": 515, "fields": {"user": 9, "milestone": 37, "dateAchieved": null}}, {"model": "tracker.usermilestone", "pk": 516, "fields": {"user": 9, "milestone": 38, "dateAchieved": null}}, {"model": "tracker.usermilestone", "pk": 517, "fields": {"user": 9, "milestone": 39, "dateAchieved": null}}, {"model": "tracker.usermilestone", "pk": 518, "fields": {"user": 9, "milestone": 40, "dateAchieved": null}}, {"model": "tracker.usermilestone", "pk": 519, "fields": {"user": 9, "milestone": 41, "dateAchieved": null}}, {"model": "tracker.usermilestone", "pk": 520, "fields": {"user": 9, "milestone": 42, "dateAchieved": null}}, {"model": "tracker.usermilestone", "pk": 521, "fields": {"user": 9, "milestone": 43, "dateAchieved": null}}, {"model": "tracker.usermilestone", "pk": 522, "fields": {"user": 9, "milestone": 44, "dateAchieved": null}}, {"model": "tracker.usermilestone", "pk": 523, "fields": {"user": 9, "milestone": 45, "dateAchieved": null}}, {"model": "tracker.usermilestone", "pk": 524, "fields": {"user": 9, "milestone": 46, "dateAchieved": null}}, {"model": "tracker.usermilestone", "pk": 525, "fields": {"user": 9, "milestone": 47, "dateAchieved": null}}, {"model": "tracker.usermilestone", "pk": 526, "fields": {"user": 9, "milestone": 48, "dateAchieved": null}}, {"model": "tracker.usermilestone", "pk": 527, "fields": {"user": 9, "milestone": 49, "dateAchieved": null}}, {"model": "tracker.usermilestone", "pk": 528, "fields": {"user": 9, "milestone": 50, "dateAchieved": null}}, {"model": "tracker.usermilestone", "pk": 529, "fields": {"user": 9, "milestone": 51, "dateAchieved": null}}, {"model": "tracker.usermilestone", "pk": 530, "fields": {"user": 9, "milestone": 52, "dateAchieved": null}}, {"model": "tracker.usermilestone", "pk": 531, "fields": {"user": 9, "milestone": 53, "dateAchieved": null}}, {"model": "tracker.usermilestone", "pk": 532, "fields": {"user": 9, "milestone": 54, "dateAchieved": null}}, {"model": "tracker.usermilestone", "pk": 533, "fields": {"user": 9, "milestone": 55, "dateAchieved": null}}, {"model": "tracker.usermilestone", "pk": 534, "fields": {"user": 9, "milestone": 56, "dateAchieved": null}}, {"model": "tracker.usermilestone", "pk": 535, "fields": {"user": 9, "milestone": 57, "dateAchieved": null}}, {"model": "tracker.usermilestone", "pk": 536, "fields": {"user": 9, "milestone": 58, "dateAchieved": null}}, {"model": "tracker.usermilestone", "pk": 537, "fields": {"user": 9, "milestone": 59, "dateAchieved": null}}, {"model": "tracker.usermilestone", "pk": 538, "fields": {"user": 9, "milestone": 60, "dateAchieved": null}}, {"model": "tracker.usermilestone", "pk": 539, "fields": {"user": 9, "milestone": 61, "dateAchieved": null}}, {"model": "tracker.usermilestone", "pk": 540, "fields": {"user": 9, "milestone": 62, "dateAchieved": null}}, {"model": "tracker.usermilestone", "pk": 541, "fields": {"user": 9, "milestone": 63, "dateAchieved": null}}, {"model": "tracker.usermilestone", "pk": 542, "fields": {"user": 9, "milestone": 64, "dateAchieved": null}}, {"model": "tracker.usermilestone", "pk": 543, "fields": {"user": 9, "milestone": 65, "dateAchieved": null}}, {"model": "tracker.usermilestone", "pk": 544, "fields": {"user": 9, "milestone": 66, "dateAchieved": null}}, {"model": "tracker.usermilestone", "pk": 545, "fields": {"user": 9, "milestone": 67, "dateAchieved": null}}, {"model": "tracker.usermilestone", "pk": 546, "fields": {"user": 9, "milestone": 68, "dateAchieved": null}}, {"model": "tracker.usermilestone", "pk": 547, "fields": {"user": 9, "milestone": 69, "dateAchieved": null}}, {"model": "tracker.usermilestone", "pk": 548, "fields": {"user": 9, "milestone": 70, "dateAchieved": null}}, {"model": "tracker.usermilestone", "pk": 549, "fields": {"user": 9, "milestone": 71, "dateAchieved": null}}, {"model": "tracker.usermilestone", "pk": 550, "fields": {"user": 9, "milestone": 72, "dateAchieved": null}}, {"model": "tracker.usermilestone", "pk": 551, "fields": {"user": 9, "milestone": 73, "dateAchieved": null}}, {"model": "tracker.usermilestone", "pk": 552, "fields": {"user": 9, "milestone": 74, "dateAchieved": "2024-02-10"}}, {"model": "tracker.usermilestone", "pk": 553, "fields": {"user": 9, "milestone": 75, "dateAchieved": "2024-02-10"}}, {"model": "tracker.usermilestone", "pk": 554, "fields": {"user": 9, "milestone": 76, "dateAchieved": "2024-03-16"}}, {"model": "tracker.usermilestone", "pk": 555, "fields": {"user": 9, "milestone": 77, "dateAchieved": "2024-04-06"}}, {"model": "tracker.usermilestone", "pk": 556, "fields": {"user": 9, "milestone": 78, "dateAchieved": "2024-08-03"}}, {"model": "tracker.usermilestone", "pk": 557, "fields": {"user": 9, "milestone": 79, "dateAchieved": "2024-09-07"}}, {"model": "tracker.usermilestone", "pk": 558, "fields": {"user": 9, "milestone": 80, "dateAchieved": "2025-03-09"}}, {"model": "tracker.usermilestone", "pk": 559, "fields": {"user": 9, "milestone": 81, "dateAchieved": null}}, {"model": "tracker.usermilestone", "pk": 560, "fields": {"user": 9, "milestone": 82, "dateAchieved": null}}, {"model": "tracker.activity", "pk": 322, "fields": {"user": 9, "name": "Parkrun through the annual fun fair", "distance": 4.876399999999999, "totalElevation": 35.4, "highestPoint": 53.6, "type": "Run", "duration": "00:25:19", "country": "United Kingdom", "startDate": "2023-08-26", "stravaID": 9722308967}}, {"model": "tracker.activity", "pk": 323, "fields": {"user": 9, "name": "Testing the first draft of a program I'm writing using the Strava API", "distance": 14.9931, "totalElevation": 181.4, "highestPoint": 86.2, "type": "Run", "duration": "01:34:02", "country": "United Kingdom", "startDate": "2023-09-01", "stravaID": 9761252837}}, {"model": "tracker.activity", "pk": 324, "fields": {"user": 9, "name": "Longdown with Justin", "distance": 26.1822, "totalElevation": 133.1, "highestPoint": 39.7, "type": "Ride", "duration": "01:13:15", "country": "United Kingdom", "startDate": "2023-09-02", "stravaID": 9769528446}}, {"model": "tracker.activity", "pk": 325, "fields": {"user": 9, "name": "Last squash of summer?", "distance": 16.4995, "totalElevation": 52.7, "highestPoint": 28.5, "type": "Ride", "duration": "00:49:05", "country": "United Kingdom", "startDate": "2023-09-04", "stravaID": 9781092003}}, {"model": "tracker.activity", "pk": 326, "fields": {"user": 9, "name": "Seeing what a week of booze, BBQ's, and about 3.4 vegetables total does to a man", "distance": 5.6338, "totalElevation": 37.9, "highestPoint": 53.6, "type": "Run", "duration": "00:31:00", "country": "United Kingdom", "startDate": "2023-09-13", "stravaID": 9841211415}}, {"model": "tracker.activity", "pk": 327, "fields": {"user": 9, "name": "Pictures don't do the New Forest justice", "distance": 51.7646, "totalElevation": 302.3, "highestPoint": 48.4, "type": "Ride", "duration": "02:36:09", "country": "United Kingdom", "startDate": "2023-09-14", "stravaID": 9848670398}}, {"model": "tracker.activity", "pk": 328, "fields": {"user": 9, "name": "River Irwell Run (and Swim apparently)", "distance": 11.0515, "totalElevation": 24.5, "highestPoint": 33.6, "type": "Run", "duration": "01:01:39", "country": "United Kingdom", "startDate": "2023-09-19", "stravaID": 9881669347}}, {"model": "tracker.activity", "pk": 329, "fields": {"user": 9, "name": "Quality GPS hiding what an arse I made of going to Salford", "distance": 8.6923, "totalElevation": 35.4, "highestPoint": 32.6, "type": "Run", "duration": "00:53:35", "country": "United Kingdom", "startDate": "2023-09-23", "stravaID": 9906546493}}, {"model": "tracker.activity", "pk": 330, "fields": {"user": 9, "name": "The return of the gammy knee", "distance": 15.5616, "totalElevation": 48.0, "highestPoint": 41.6, "type": "Run", "duration": "01:29:17", "country": "United Kingdom", "startDate": "2023-09-25", "stravaID": 9919348186}}, {"model": "tracker.activity", "pk": 331, "fields": {"user": 9, "name": "Morning Run", "distance": 5.0962, "totalElevation": 13.1, "highestPoint": 33.6, "type": "Run", "duration": "00:25:42", "country": "United Kingdom", "startDate": "2023-10-02", "stravaID": 9960131423}}, {"model": "tracker.activity", "pk": 332, "fields": {"user": 9, "name": "Route Planning", "distance": 11.1318, "totalElevation": 16.0, "highestPoint": 34.6, "type": "Run", "duration": "01:04:43", "country": "United Kingdom", "startDate": "2023-10-04", "stravaID": 9976743804}}, {"model": "tracker.activity", "pk": 333, "fields": {"user": 9, "name": "Halfway from the Battle of Marathon to Athens but it all happened in Salford", "distance": 21.5241, "totalElevation": 44.5, "highestPoint": 33.6, "type": "Run", "duration": "02:11:58", "country": "United Kingdom", "startDate": "2023-10-07", "stravaID": 9993309772}}, {"model": "tracker.activity", "pk": 334, "fields": {"user": 9, "name": "Afternoon Run", "distance": 6.1859, "totalElevation": 15.2, "highestPoint": 33.5, "type": "Run", "duration": "00:33:22", "country": "United Kingdom", "startDate": "2023-10-13", "stravaID": 10032217652}}, {"model": "tracker.activity", "pk": 335, "fields": {"user": 9, "name": "Afternoon Stroll", "distance": 11.601, "totalElevation": 18.1, "highestPoint": 34.6, "type": "Walk", "duration": "02:25:19", "country": "United Kingdom", "startDate": "2023-10-15", "stravaID": 10045089965}}, {"model": "tracker.activity", "pk": 336, "fields": {"user": 9, "name": "Visiting the biggest sports venue in Manchester on a special day", "distance": 10.4729, "totalElevation": 75.5, "highestPoint": 66.3, "type": "Run", "duration": "00:58:54", "country": "United Kingdom", "startDate": "2023-10-16", "stravaID": 10050197278}}, {"model": "tracker.activity", "pk": 337, "fields": {"user": 9, "name": "Adventure Time", "distance": 21.460900000000002, "totalElevation": 62.7, "highestPoint": 45.8, "type": "Run", "duration": "02:12:50", "country": "United Kingdom", "startDate": "2023-10-21", "stravaID": 10078648958}}, {"model": "tracker.activity", "pk": 338, "fields": {"user": 9, "name": "Mist-timed it", "distance": 6.521, "totalElevation": 16.0, "highestPoint": 33.5, "type": "Run", "duration": "00:36:02", "country": "United Kingdom", "startDate": "2023-10-25", "stravaID": 10100481988}}, {"model": "tracker.activity", "pk": 339, "fields": {"user": 9, "name": "Black Hill", "distance": 14.467, "totalElevation": 474.0, "highestPoint": 581.2, "type": "Hike", "duration": "04:16:01", "country": "United Kingdom", "startDate": "2023-10-28", "stravaID": 10119267254}}, {"model": "tracker.activity", "pk": 340, "fields": {"user": 9, "name": "Home Run", "distance": 10.0296, "totalElevation": 65.3, "highestPoint": 53.5, "type": "Run", "duration": "00:54:57", "country": "United Kingdom", "startDate": "2023-11-03", "stravaID": 10152413913}}, {"model": "tracker.activity", "pk": 341, "fields": {"user": 9, "name": "West Totton Squash", "distance": 17.5358, "totalElevation": 59.0, "highestPoint": 28.6, "type": "Ride", "duration": "00:56:16", "country": "United Kingdom", "startDate": "2023-11-05", "stravaID": 10164740629}}, {"model": "tracker.activity", "pk": 342, "fields": {"user": 9, "name": "Castleton Circular from Edale", "distance": 17.5483, "totalElevation": 696.1, "highestPoint": 519.2, "type": "Hike", "duration": "04:24:04", "country": "United Kingdom", "startDate": "2023-11-11", "stravaID": 10200725366}}, {"model": "tracker.activity", "pk": 343, "fields": {"user": 9, "name": "Lunch Run", "distance": 4.1061000000000005, "totalElevation": 10.1, "highestPoint": 33.5, "type": "Run", "duration": "00:21:50", "country": "United Kingdom", "startDate": "2023-11-24", "stravaID": 10273356566}}, {"model": "tracker.activity", "pk": 344, "fields": {"user": 9, "name": "Lunch Run", "distance": 4.233, "totalElevation": 11.0, "highestPoint": 31.6, "type": "Run", "duration": "00:23:44", "country": "United Kingdom", "startDate": "2023-11-28", "stravaID": 10294842290}}, {"model": "tracker.activity", "pk": 345, "fields": {"user": 9, "name": "Frosted Grass", "distance": 5.4985, "totalElevation": 20.6, "highestPoint": 31.6, "type": "Run", "duration": "00:30:42", "country": "United Kingdom", "startDate": "2023-11-29", "stravaID": 10300543991}}, {"model": "tracker.activity", "pk": 346, "fields": {"user": 9, "name": "Afternoon Walk", "distance": 17.658099999999997, "totalElevation": 39.7, "highestPoint": 43.4, "type": "Walk", "duration": "03:21:39", "country": "United Kingdom", "startDate": "2023-12-16", "stravaID": 10390101920}}, {"model": "tracker.activity", "pk": 347, "fields": {"user": 9, "name": "Afternoon Run", "distance": 10.2604, "totalElevation": 61.8, "highestPoint": 66.1, "type": "Run", "duration": "01:01:19", "country": "United Kingdom", "startDate": "2023-12-17", "stravaID": 10395599363}}, {"model": "tracker.activity", "pk": 348, "fields": {"user": 9, "name": "Round the muddy golf course", "distance": 10.3766, "totalElevation": 117.0, "highestPoint": 66.1, "type": "Run", "duration": "01:09:34", "country": "United Kingdom", "startDate": "2023-12-23", "stravaID": 10423934037}}, {"model": "tracker.activity", "pk": 349, "fields": {"user": 9, "name": "Nearly left half my boxing day dinner over the common", "distance": 5.8522, "totalElevation": 38.4, "highestPoint": 53.9, "type": "Run", "duration": "00:32:29", "country": "United Kingdom", "startDate": "2023-12-28", "stravaID": 10449514047}}, {"model": "tracker.activity", "pk": 350, "fields": {"user": 9, "name": "Lunch Run", "distance": 5.132899999999999, "totalElevation": 8.4, "highestPoint": 33.3, "type": "Run", "duration": "00:27:11", "country": "United Kingdom", "startDate": "2024-01-09", "stravaID": 10523910750}}, {"model": "tracker.activity", "pk": 351, "fields": {"user": 9, "name": "Lunch Run", "distance": 5.6916, "totalElevation": 9.9, "highestPoint": 31.5, "type": "Run", "duration": "00:31:41", "country": "United Kingdom", "startDate": "2024-01-11", "stravaID": 10537169042}}, {"model": "tracker.activity", "pk": 352, "fields": {"user": 9, "name": "Monsal Trail & Chee Dale Stepping Stones", "distance": 21.728900000000003, "totalElevation": 123.5, "highestPoint": 243.8, "type": "Hike", "duration": "04:33:45", "country": "United Kingdom", "startDate": "2024-01-13", "stravaID": 10550697304}}, {"model": "tracker.activity", "pk": 353, "fields": {"user": 9, "name": "Lunch Run", "distance": 6.3817, "totalElevation": 15.5, "highestPoint": 33.3, "type": "Run", "duration": "00:37:44", "country": "United Kingdom", "startDate": "2024-01-26", "stravaID": 10632702220}}, {"model": "tracker.activity", "pk": 354, "fields": {"user": 9, "name": "A belly bouncer", "distance": 5.0868, "totalElevation": 8.4, "highestPoint": 33.3, "type": "Run", "duration": "00:26:08", "country": "United Kingdom", "startDate": "2024-01-30", "stravaID": 10659897715}}, {"model": "tracker.activity", "pk": 355, "fields": {"user": 9, "name": "Lunch Run", "distance": 5.5754, "totalElevation": 10.7, "highestPoint": 31.1, "type": "Run", "duration": "00:30:13", "country": "United Kingdom", "startDate": "2024-02-05", "stravaID": 10700799591}}, {"model": "tracker.activity", "pk": 356, "fields": {"user": 9, "name": "Brief trip to the wetlands", "distance": 6.6709, "totalElevation": 8.6, "highestPoint": 32.0, "type": "Run", "duration": "00:36:22", "country": "United Kingdom", "startDate": "2024-02-07", "stravaID": 10712975254}}, {"model": "tracker.activity", "pk": 357, "fields": {"user": 9, "name": "Crummock Water Walk", "distance": 12.5243, "totalElevation": 269.9, "highestPoint": 295.8, "type": "Hike", "duration": "03:12:29", "country": "United Kingdom", "startDate": "2024-02-09", "stravaID": 10727965478}}, {"model": "tracker.activity", "pk": 358, "fields": {"user": 9, "name": "Snowy but clear at buttermere", "distance": 12.2825, "totalElevation": 1065.4, "highestPoint": 802.5, "type": "Hike", "duration": "04:52:09", "country": "United Kingdom", "startDate": "2024-02-10", "stravaID": 10735148995}}, {"model": "tracker.activity", "pk": 359, "fields": {"user": 9, "name": "A run of two halves: Part 1", "distance": 5.8417, "totalElevation": 6.3, "highestPoint": 33.5, "type": "Run", "duration": "00:36:01", "country": "United Kingdom", "startDate": "2024-02-17", "stravaID": 10780787195}}, {"model": "tracker.activity", "pk": 360, "fields": {"user": 9, "name": "A run of two halves: Part 2", "distance": 7.1472, "totalElevation": 3.3, "highestPoint": 42.1, "type": "Run", "duration": "00:40:10", "country": "United Kingdom", "startDate": "2024-02-17", "stravaID": 10780787219}}, {"model": "tracker.activity", "pk": 361, "fields": {"user": 9, "name": "Back to the Ship Canal", "distance": 5.3184, "totalElevation": 8.0, "highestPoint": 32.0, "type": "Run", "duration": "00:28:24", "country": "United Kingdom", "startDate": "2024-02-20", "stravaID": 10799996547}}, {"model": "tracker.activity", "pk": 362, "fields": {"user": 9, "name": "Joining Adam for his Beer Mile", "distance": 2.2545, "totalElevation": 0.0, "highestPoint": 36.5, "type": "Run", "duration": "00:11:52", "country": "United Kingdom", "startDate": "2024-02-24", "stravaID": 10826869149}}, {"model": "tracker.activity", "pk": 363, "fields": {"user": 9, "name": "Stanage Edge Tour", "distance": 18.6715, "totalElevation": 458.6, "highestPoint": 455.5, "type": "Hike", "duration": "04:19:39", "country": "United Kingdom", "startDate": "2024-03-08", "stravaID": 10916704757}}, {"model": "tracker.activity", "pk": 364, "fields": {"user": 9, "name": "Casual Run with Harry", "distance": 9.476, "totalElevation": 11.4, "highestPoint": 31.6, "type": "Run", "duration": "00:54:56", "country": "United Kingdom", "startDate": "2024-03-09", "stravaID": 10923953591}}, {"model": "tracker.activity", "pk": 365, "fields": {"user": 9, "name": "Clayton Vale", "distance": 15.1615, "totalElevation": 106.8, "highestPoint": 85.8, "type": "Run", "duration": "01:31:09", "country": "United Kingdom", "startDate": "2024-03-16", "stravaID": 10970786625}}, {"model": "tracker.activity", "pk": 366, "fields": {"user": 9, "name": "Hayter on Hay Tor", "distance": 0.9364, "totalElevation": 66.7, "highestPoint": 456.0, "type": "Walk", "duration": "00:20:33", "country": "United Kingdom", "startDate": "2024-03-24", "stravaID": 11030154353}}, {"model": "tracker.activity", "pk": 367, "fields": {"user": 9, "name": "Lunch Walk", "distance": 4.2426, "totalElevation": 95.3, "highestPoint": 427.3, "type": "Walk", "duration": "01:08:10", "country": "United Kingdom", "startDate": "2024-03-25", "stravaID": 11034734042}}, {"model": "tracker.activity", "pk": 368, "fields": {"user": 9, "name": "Round Burrator Reservoir", "distance": 25.637400000000003, "totalElevation": 429.8, "highestPoint": 448.4, "type": "Hike", "duration": "05:54:58", "country": "United Kingdom", "startDate": "2024-03-26", "stravaID": 11056561187}}, {"model": "tracker.activity", "pk": 369, "fields": {"user": 9, "name": "Lunch Run", "distance": 5.7293, "totalElevation": 37.6, "highestPoint": 53.9, "type": "Run", "duration": "00:34:18", "country": "United Kingdom", "startDate": "2024-03-30", "stravaID": 11067707544}}, {"model": "tracker.activity", "pk": 370, "fields": {"user": 9, "name": "Post work run with Ben", "distance": 9.6843, "totalElevation": 90.7, "highestPoint": 80.4, "type": "Run", "duration": "00:58:21", "country": "United Kingdom", "startDate": "2024-04-03", "stravaID": 11099534109}}, {"model": "tracker.activity", "pk": 371, "fields": {"user": 9, "name": "South Devon II ft. Oli & Harry", "distance": 10.0439, "totalElevation": 347.7, "highestPoint": 93.2, "type": "Run", "duration": "01:18:38", "country": "United Kingdom", "startDate": "2024-04-05", "stravaID": 11110681528}}, {"model": "tracker.activity", "pk": 372, "fields": {"user": 9, "name": "Morning Walk", "distance": 11.362, "totalElevation": 348.3, "highestPoint": 126.3, "type": "Walk", "duration": "02:34:48", "country": "United Kingdom", "startDate": "2024-04-06", "stravaID": 11119427216}}, {"model": "tracker.activity", "pk": 373, "fields": {"user": 9, "name": "Back with Ben", "distance": 5.1537, "totalElevation": 40.2, "highestPoint": 53.9, "type": "Run", "duration": "00:30:45", "country": "United Kingdom", "startDate": "2024-04-07", "stravaID": 11129043492}}, {"model": "tracker.activity", "pk": 374, "fields": {"user": 9, "name": "Back where it all began", "distance": 6.5095, "totalElevation": 34.9, "highestPoint": 59.4, "type": "Run", "duration": "00:35:50", "country": "United Kingdom", "startDate": "2024-04-13", "stravaID": 11169805097}}, {"model": "tracker.activity", "pk": 375, "fields": {"user": 9, "name": "Spontaneous outing with Adam and Harry", "distance": 21.2418, "totalElevation": 52.8, "highestPoint": 47.9, "type": "Run", "duration": "02:17:56", "country": "United Kingdom", "startDate": "2024-04-20", "stravaID": 11225204089}}, {"model": "tracker.activity", "pk": 376, "fields": {"user": 9, "name": "Evening Run", "distance": 5.459899999999999, "totalElevation": 8.8, "highestPoint": 31.6, "type": "Run", "duration": "00:33:30", "country": "United Kingdom", "startDate": "2024-04-23", "stravaID": 11248076826}}, {"model": "tracker.activity", "pk": 377, "fields": {"user": 9, "name": "Yr Wyddfa: if parkrun was a mountain", "distance": 17.140900000000002, "totalElevation": 894.7, "highestPoint": 1060.0, "type": "Hike", "duration": "04:29:59", "country": "United Kingdom", "startDate": "2024-04-27", "stravaID": 11276057749}}, {"model": "tracker.activity", "pk": 378, "fields": {"user": 9, "name": "Fast and Furious(ly sweating)", "distance": 4.0382, "totalElevation": 6.3, "highestPoint": 33.4, "type": "Run", "duration": "00:19:38", "country": "United Kingdom", "startDate": "2024-04-30", "stravaID": 11297727811}}, {"model": "tracker.activity", "pk": 379, "fields": {"user": 9, "name": "Evening Run", "distance": 5.2255, "totalElevation": 11.3, "highestPoint": 33.4, "type": "Run", "duration": "00:31:24", "country": "United Kingdom", "startDate": "2024-05-07", "stravaID": 11355158858}}, {"model": "tracker.activity", "pk": 380, "fields": {"user": 9, "name": "Out with Connor and Lucy", "distance": 10.3363, "totalElevation": 7.2, "highestPoint": 34.4, "type": "Run", "duration": "01:12:48", "country": "United Kingdom", "startDate": "2024-05-12", "stravaID": 11391484844}}, {"model": "tracker.activity", "pk": 381, "fields": {"user": 9, "name": "Would've been dryer if I jumped in the canal", "distance": 10.7597, "totalElevation": 57.5, "highestPoint": 66.9, "type": "Run", "duration": "01:06:28", "country": "United Kingdom", "startDate": "2024-05-16", "stravaID": 11425972648}}, {"model": "tracker.activity", "pk": 382, "fields": {"user": 9, "name": "Cardinal Directions and Vibes", "distance": 14.6673, "totalElevation": 495.0, "highestPoint": 635.0, "type": "Hike", "duration": "04:32:21", "country": "United Kingdom", "startDate": "2024-05-19", "stravaID": 11448555615}}, {"model": "tracker.activity", "pk": 383, "fields": {"user": 9, "name": "Qua Sera, Sera", "distance": 5.4715, "totalElevation": 11.9, "highestPoint": 30.9, "type": "Run", "duration": "00:30:07", "country": "United Kingdom", "startDate": "2024-05-20", "stravaID": 11457328597}}, {"model": "tracker.activity", "pk": 384, "fields": {"user": 9, "name": "Wet and Windy", "distance": 5.5443999999999996, "totalElevation": 13.1, "highestPoint": 33.4, "type": "Run", "duration": "00:31:52", "country": "United Kingdom", "startDate": "2024-05-23", "stravaID": 11480362614}}, {"model": "tracker.activity", "pk": 385, "fields": {"user": 9, "name": "Victory Lap", "distance": 0.8967, "totalElevation": 5.3, "highestPoint": 48.9, "type": "Run", "duration": "00:05:24", "country": "United Kingdom", "startDate": "2024-05-26", "stravaID": 11504523734}}, {"model": "tracker.activity", "pk": 386, "fields": {"user": 9, "name": "Kersal Wetlands", "distance": 8.215100000000001, "totalElevation": 8.2, "highestPoint": 32.3, "type": "Run", "duration": "00:50:58", "country": "United Kingdom", "startDate": "2024-05-28", "stravaID": 11518964117}}, {"model": "tracker.activity", "pk": 387, "fields": {"user": 9, "name": "The Roaches & Luds Church", "distance": 9.414200000000001, "totalElevation": 450.2, "highestPoint": 504.4, "type": "Hike", "duration": "03:48:50", "country": "United Kingdom", "startDate": "2024-06-02", "stravaID": 11556028541}}, {"model": "tracker.activity", "pk": 388, "fields": {"user": 9, "name": "Albufera National Park", "distance": 22.235200000000003, "totalElevation": 13.2, "highestPoint": 4.4, "type": "Ride", "duration": "01:34:36", "country": "United Kingdom", "startDate": "2024-06-18", "stravaID": 11682888063}}, {"model": "tracker.activity", "pk": 389, "fields": {"user": 9, "name": "Post Holiday Struggle", "distance": 10.029200000000001, "totalElevation": 18.5, "highestPoint": 32.3, "type": "Run", "duration": "01:02:22", "country": "United Kingdom", "startDate": "2024-06-23", "stravaID": 11722286809}}, {"model": "tracker.activity", "pk": 390, "fields": {"user": 9, "name": "Evening Slog", "distance": 5.065300000000001, "totalElevation": 13.0, "highestPoint": 33.4, "type": "Run", "duration": "00:27:34", "country": "United Kingdom", "startDate": "2024-06-26", "stravaID": 11745906954}}, {"model": "tracker.activity", "pk": 391, "fields": {"user": 9, "name": "Is it Coeliacs or is it just food poisoning?", "distance": 6.375, "totalElevation": 15.8, "highestPoint": 33.3, "type": "Run", "duration": "00:37:25", "country": "United Kingdom", "startDate": "2024-06-30", "stravaID": 11774800763}}, {"model": "tracker.activity", "pk": 392, "fields": {"user": 9, "name": "The start of a good routine?", "distance": 5.0638000000000005, "totalElevation": 8.4, "highestPoint": 33.3, "type": "Run", "duration": "00:29:42", "country": "United Kingdom", "startDate": "2024-07-08", "stravaID": 11835444606}}, {"model": "tracker.activity", "pk": 393, "fields": {"user": 9, "name": "Lunch Run", "distance": 5.115100000000001, "totalElevation": 8.4, "highestPoint": 33.3, "type": "Run", "duration": "00:27:01", "country": "United Kingdom", "startDate": "2024-07-10", "stravaID": 11853455364}}, {"model": "tracker.activity", "pk": 394, "fields": {"user": 9, "name": "Recovery Run", "distance": 4.196, "totalElevation": 6.2, "highestPoint": 33.3, "type": "Run", "duration": "00:28:26", "country": "United Kingdom", "startDate": "2024-07-20", "stravaID": 11933082696}}, {"model": "tracker.activity", "pk": 395, "fields": {"user": 9, "name": "Getting back in the groove", "distance": 5.1482, "totalElevation": 8.4, "highestPoint": 33.3, "type": "Run", "duration": "00:27:32", "country": "United Kingdom", "startDate": "2024-07-25", "stravaID": 11976932381}}, {"model": "tracker.activity", "pk": 396, "fields": {"user": 9, "name": "Ladybower Reservoir", "distance": 21.3154, "totalElevation": 274.5, "highestPoint": 248.7, "type": "Hike", "duration": "04:42:01", "country": "United Kingdom", "startDate": "2024-07-27", "stravaID": 11994524475}}, {"model": "tracker.activity", "pk": 397, "fields": {"user": 9, "name": "Getting cooked on Kersal \"Wet\"lands", "distance": 9.561399999999999, "totalElevation": 11.4, "highestPoint": 32.0, "type": "Run", "duration": "01:01:50", "country": "United Kingdom", "startDate": "2024-07-31", "stravaID": 12029557585}}, {"model": "tracker.activity", "pk": 398, "fields": {"user": 9, "name": "Yorkshire 3 Peaks", "distance": 38.0012, "totalElevation": 1550.8, "highestPoint": 735.2, "type": "Hike", "duration": "08:37:58", "country": "United Kingdom", "startDate": "2024-08-03", "stravaID": 12053539505}}, {"model": "tracker.activity", "pk": 399, "fields": {"user": 9, "name": "Round Crummock", "distance": 14.3735, "totalElevation": 194.9, "highestPoint": 148.0, "type": "Walk", "duration": "03:17:05", "country": "United Kingdom", "startDate": "2024-08-10", "stravaID": 12113119081}}, {"model": "tracker.activity", "pk": 400, "fields": {"user": 9, "name": "Trip to Tongue Pot", "distance": 6.517, "totalElevation": 120.3, "highestPoint": 184.8, "type": "Walk", "duration": "01:29:32", "country": "United Kingdom", "startDate": "2024-08-11", "stravaID": 12123372403}}, {"model": "tracker.activity", "pk": 401, "fields": {"user": 9, "name": "Evening Run", "distance": 5.166300000000001, "totalElevation": 8.4, "highestPoint": 33.3, "type": "Run", "duration": "00:30:37", "country": "United Kingdom", "startDate": "2024-08-18", "stravaID": 12182041632}}, {"model": "tracker.activity", "pk": 402, "fields": {"user": 9, "name": "RACE AROUND THE WORLD Update!! (please read)", "distance": 6.2793, "totalElevation": 13.7, "highestPoint": 33.3, "type": "Run", "duration": "00:35:59", "country": "United Kingdom", "startDate": "2024-09-05", "stravaID": 12335237594}}, {"model": "tracker.activity", "pk": 403, "fields": {"user": 9, "name": "Glossop to B29 plane site", "distance": 16.0895, "totalElevation": 572.8, "highestPoint": 621.7, "type": "root='Walk'", "duration": "04:24:22", "country": "United Kingdom", "startDate": "2024-09-07", "stravaID": 12350885647}}, {"model": "tracker.activity", "pk": 404, "fields": {"user": 9, "name": "River flies for dinner", "distance": 6.574800000000001, "totalElevation": 14.0, "highestPoint": 33.3, "type": "root='Run'", "duration": "00:40:41", "country": "United Kingdom", "startDate": "2024-09-09", "stravaID": 12368595647}}, {"model": "tracker.activity", "pk": 405, "fields": {"user": 9, "name": "Burning off the Souvlaki", "distance": 10.095799999999999, "totalElevation": 12.9, "highestPoint": 33.6, "type": "root='Run'", "duration": "01:03:20", "country": "United Kingdom", "startDate": "2024-09-16", "stravaID": 12426335832}}, {"model": "tracker.activity", "pk": 406, "fields": {"user": 9, "name": "Morning Run ft. Burnt Bike", "distance": 16.5003, "totalElevation": 56.4, "highestPoint": 68.1, "type": "root='Run'", "duration": "01:53:44", "country": "United Kingdom", "startDate": "2024-09-21", "stravaID": 12465520924}}, {"model": "tracker.activity", "pk": 407, "fields": {"user": 9, "name": "Knee-habilitation Step 1", "distance": 9.6718, "totalElevation": 286.5, "highestPoint": 193.4, "type": "root='Walk'", "duration": "02:27:49", "country": "United Kingdom", "startDate": "2024-11-10", "stravaID": 12869767253}}, {"model": "tracker.activity", "pk": 408, "fields": {"user": 9, "name": "Winter Walk with Ben", "distance": 14.8995, "totalElevation": 677.7, "highestPoint": 516.0, "type": "root='Hike'", "duration": "04:20:37", "country": "United Kingdom", "startDate": "2024-12-06", "stravaID": 13059293101}}, {"model": "tracker.activity", "pk": 409, "fields": {"user": 9, "name": "Stanage Edge with Big F", "distance": 13.3026, "totalElevation": 357.4, "highestPoint": 454.8, "type": "root='Hike'", "duration": "03:25:07", "country": "United Kingdom", "startDate": "2025-02-02", "stravaID": 13519639750}}, {"model": "tracker.activity", "pk": 410, "fields": {"user": 9, "name": "Beautiful Day on Bamford Edge", "distance": 8.7968, "totalElevation": 321.8, "highestPoint": 418.2, "type": "root='Walk'", "duration": "02:21:44", "country": "United Kingdom", "startDate": "2025-03-09", "stravaID": 13833022684}}, {"model": "tracker.activity", "pk": 411, "fields": {"user": 9, "name": "Monte San Salvatore", "distance": 16.6794, "totalElevation": 847.2, "highestPoint": 900.9, "type": "root='Hike'", "duration": "04:17:22", "country": "United Kingdom", "startDate": "2025-03-25", "stravaID": 13984371386}}, {"model": "tracker.activity", "pk": 412, "fields": {"user": 9, "name": "Monte Boletto - 1235m", "distance": 16.8872, "totalElevation": 1125.7, "highestPoint": 1220.2, "type": "root='Hike'", "duration": "04:22:19", "country": "United Kingdom", "startDate": "2025-03-26", "stravaID": 13993755847}}, {"model": "tracker.activity", "pk": 413, "fields": {"user": 9, "name": "Getting Started", "distance": 4.3069, "totalElevation": 6.2, "highestPoint": 33.2, "type": "root='Run'", "duration": "00:29:52", "country": "United Kingdom", "startDate": "2025-04-09", "stravaID": 14128844061}}, {"model": "tracker.activity", "pk": 414, "fields": {"user": 9, "name": "Evening Run", "distance": 5.6207, "totalElevation": 13.2, "highestPoint": 31.8, "type": "root='Run'", "duration": "00:37:59", "country": "United Kingdom", "startDate": "2025-04-15", "stravaID": 14187123626}}, {"model": "tracker.activity", "pk": 415, "fields": {"user": 9, "name": "Walking on a (fever) dream", "distance": 12.1958, "totalElevation": 448.4, "highestPoint": 599.2, "type": "root='Hike'", "duration": "03:18:56", "country": "United Kingdom", "startDate": "2025-04-25", "stravaID": 14284490176}}, {"model": "tracker.activity", "pk": 416, "fields": {"user": 9, "name": "Helvellyn", "distance": 15.5708, "totalElevation": 985.2, "highestPoint": 944.6, "type": "root='Hike'", "duration": "04:42:59", "country": "United Kingdom", "startDate": "2025-06-08", "stravaID": 14736170893}}, {"model": "tracker.activity", "pk": 417, "fields": {"user": 9, "name": "Third time's a charm", "distance": 2.1407, "totalElevation": 5.2, "highestPoint": 32.3, "type": "root='Run'", "duration": "00:13:31", "country": "United Kingdom", "startDate": "2025-07-12", "stravaID": 15086158114}}, {"model": "tracker.activity", "pk": 418, "fields": {"user": 9, "name": "Lunch Break Run", "distance": 2.145, "totalElevation": 3.1, "highestPoint": 31.5, "type": "root='Run'", "duration": "00:13:37", "country": "United Kingdom", "startDate": "2025-07-17", "stravaID": 15145165346}}, {"model": "tracker.activity", "pk": 419, "fields": {"user": 9, "name": "Evening Run", "distance": 3.2365, "totalElevation": 4.3, "highestPoint": 31.0, "type": "root='Run'", "duration": "00:21:43", "country": "United Kingdom", "startDate": "2025-07-23", "stravaID": 15212616075}}, {"model": "tracker.activity", "pk": 420, "fields": {"user": 9, "name": "We are so back", "distance": 5.183800000000001, "totalElevation": 11.7, "highestPoint": 33.2, "type": "root='Run'", "duration": "00:31:44", "country": "United Kingdom", "startDate": "2025-08-04", "stravaID": 15343354974}}, {"model": "tracker.activity", "pk": 421, "fields": {"user": 9, "name": "Night Walk", "distance": 5.365, "totalElevation": 19.0, "highestPoint": 75.4, "type": "root='Walk'", "duration": "00:59:51", "country": "United Kingdom", "startDate": "2025-08-06", "stravaID": 15385192328}}, {"model": "tracker.besteffort", "pk": 295, "fields": {"activity": 333, "name": "Half-Marathon", "time": "02:11:17"}}, {"model": "tracker.besteffort", "pk": 296, "fields": {"activity": 337, "name": "Half-Marathon", "time": "02:14:29"}}, {"model": "tracker.besteffort", "pk": 297, "fields": {"activity": 375, "name": "Half-Marathon", "time": "02:31:05"}}, {"model": "admin.logentry", "pk": 1, "fields": {"action_time": "2023-12-20T16:01:01.658Z", "user": 1, "content_type": 12, "object_id": "1", "object_repr": "User object (1)", "action_flag": 1, "change_message": "[{\"added\": {}}]"}}, {"model": "admin.logentry", "pk": 2, "fields": {"action_time": "2023-12-20T16:04:38.669Z", "user": 1, "content_type": 12, "object_id": "2", "object_repr": "User object (2)", "action_flag": 1, "change_message": "[{\"added\": {}}]"}}, {"model": "admin.logentry", "pk": 3, "fields": {"action_time": "2023-12-20T16:06:38.201Z", "user": 1, "content_type": 12, "object_id": "3", "object_repr": "Ben Sanderson", "action_flag": 1, "change_message": "[{\"added\": {}}]"}}, {"model": "admin.logentry", "pk": 4, "fields": {"action_time": "2023-12-20T16:07:23.506Z", "user": 1, "content_type": 9, "object_id": "1", "object_repr": "Longest Run", "action_flag": 1, "change_message": "[{\"added\": {}}]"}}, {"model": "admin.logentry", "pk": 5, "fields": {"action_time": "2023-12-20T16:07:30.768Z", "user": 1, "content_type": 9, "object_id": "1", "object_repr": "Longest Run", "action_flag": 2, "change_message": "[]"}}, {"model": "admin.logentry", "pk": 6, "fields": {"action_time": "2023-12-20T16:07:49.468Z", "user": 1, "content_type": 9, "object_id": "2", "object_repr": "Longest Ride", "action_flag": 1, "change_message": "[{\"added\": {}}]"}}, {"model": "admin.logentry", "pk": 7, "fields": {"action_time": "2023-12-20T16:08:17.505Z", "user": 1, "content_type": 11, "object_id": "1", "object_repr": "Karman Line (Outer Space)", "action_flag": 1, "change_message": "[{\"added\": {}}]"}}, {"model": "admin.logentry", "pk": 8, "fields": {"action_time": "2023-12-20T16:09:47.178Z", "user": 1, "content_type": 11, "object_id": "2", "object_repr": "Altitude: 3 Peaks Sum", "action_flag": 1, "change_message": "[{\"added\": {}}]"}}, {"model": "admin.logentry", "pk": 9, "fields": {"action_time": "2023-12-21T12:13:55.720Z", "user": 1, "content_type": 11, "object_id": "3", "object_repr": "Distance: Karman line (Outer Space)", "action_flag": 3, "change_message": ""}}, {"model": "admin.logentry", "pk": 10, "fields": {"action_time": "2023-12-21T12:15:26.479Z", "user": 1, "content_type": 11, "object_id": "2", "object_repr": "Altitude: 3 Peaks Sum", "action_flag": 3, "change_message": ""}}, {"model": "admin.logentry", "pk": 11, "fields": {"action_time": "2023-12-21T12:22:41.298Z", "user": 1, "content_type": 9, "object_id": "50", "object_repr": "Most Mountains Climbed", "action_flag": 3, "change_message": ""}}, {"model": "admin.logentry", "pk": 12, "fields": {"action_time": "2023-12-21T12:22:41.303Z", "user": 1, "content_type": 9, "object_id": "49", "object_repr": "Best Injury", "action_flag": 3, "change_message": ""}}, {"model": "admin.logentry", "pk": 13, "fields": {"action_time": "2023-12-21T12:22:41.309Z", "user": 1, "content_type": 9, "object_id": "48", "object_repr": "2024/25 Champion", "action_flag": 3, "change_message": ""}}, {"model": "admin.logentry", "pk": 14, "fields": {"action_time": "2023-12-21T12:22:41.312Z", "user": 1, "content_type": 9, "object_id": "47", "object_repr": "2023/24 Champion", "action_flag": 3, "change_message": ""}}, {"model": "admin.logentry", "pk": 15, "fields": {"action_time": "2023-12-21T12:22:41.322Z", "user": 1, "content_type": 9, "object_id": "46", "object_repr": "Fastest 100k", "action_flag": 3, "change_message": ""}}, {"model": "admin.logentry", "pk": 16, "fields": {"action_time": "2023-12-21T12:22:41.325Z", "user": 1, "content_type": 9, "object_id": "45", "object_repr": "Fastest 50k", "action_flag": 3, "change_message": ""}}, {"model": "admin.logentry", "pk": 17, "fields": {"action_time": "2023-12-21T12:22:41.328Z", "user": 1, "content_type": 9, "object_id": "44", "object_repr": "Fastest 20k", "action_flag": 3, "change_message": ""}}, {"model": "admin.logentry", "pk": 18, "fields": {"action_time": "2023-12-21T12:22:41.332Z", "user": 1, "content_type": 9, "object_id": "43", "object_repr": "Highest Point", "action_flag": 3, "change_message": ""}}, {"model": "admin.logentry", "pk": 19, "fields": {"action_time": "2023-12-21T12:22:41.336Z", "user": 1, "content_type": 9, "object_id": "42", "object_repr": "Fastest Marathon", "action_flag": 3, "change_message": ""}}, {"model": "admin.logentry", "pk": 20, "fields": {"action_time": "2023-12-21T12:22:41.339Z", "user": 1, "content_type": 9, "object_id": "41", "object_repr": "Fastest Half Marathon", "action_flag": 3, "change_message": ""}}, {"model": "admin.logentry", "pk": 21, "fields": {"action_time": "2023-12-21T12:22:41.343Z", "user": 1, "content_type": 9, "object_id": "40", "object_repr": "Fastest 10k", "action_flag": 3, "change_message": ""}}, {"model": "admin.logentry", "pk": 22, "fields": {"action_time": "2023-12-21T12:22:41.346Z", "user": 1, "content_type": 9, "object_id": "39", "object_repr": "Fastest 5k", "action_flag": 3, "change_message": ""}}, {"model": "admin.logentry", "pk": 23, "fields": {"action_time": "2023-12-21T12:22:41.350Z", "user": 1, "content_type": 9, "object_id": "38", "object_repr": "Most Countries Visited", "action_flag": 3, "change_message": ""}}, {"model": "admin.logentry", "pk": 24, "fields": {"action_time": "2023-12-21T12:22:41.354Z", "user": 1, "content_type": 9, "object_id": "37", "object_repr": "Most Hiking Distance", "action_flag": 3, "change_message": ""}}, {"model": "admin.logentry", "pk": 25, "fields": {"action_time": "2023-12-21T12:22:41.358Z", "user": 1, "content_type": 9, "object_id": "36", "object_repr": "Most Cycling Distance", "action_flag": 3, "change_message": ""}}, {"model": "admin.logentry", "pk": 26, "fields": {"action_time": "2023-12-21T12:22:41.361Z", "user": 1, "content_type": 9, "object_id": "35", "object_repr": "Most Running Distance", "action_flag": 3, "change_message": ""}}, {"model": "admin.logentry", "pk": 27, "fields": {"action_time": "2023-12-21T12:22:41.364Z", "user": 1, "content_type": 9, "object_id": "34", "object_repr": "Most Time Recorded", "action_flag": 3, "change_message": ""}}, {"model": "admin.logentry", "pk": 28, "fields": {"action_time": "2023-12-21T12:22:41.368Z", "user": 1, "content_type": 9, "object_id": "33", "object_repr": "Most Activities", "action_flag": 3, "change_message": ""}}, {"model": "admin.logentry", "pk": 29, "fields": {"action_time": "2023-12-21T12:22:41.371Z", "user": 1, "content_type": 9, "object_id": "32", "object_repr": "Biggest Climb", "action_flag": 3, "change_message": ""}}, {"model": "admin.logentry", "pk": 30, "fields": {"action_time": "2023-12-21T12:22:41.375Z", "user": 1, "content_type": 9, "object_id": "31", "object_repr": "Longest Hike", "action_flag": 3, "change_message": ""}}, {"model": "admin.logentry", "pk": 31, "fields": {"action_time": "2023-12-21T12:22:41.378Z", "user": 1, "content_type": 9, "object_id": "30", "object_repr": "Longest Ride", "action_flag": 3, "change_message": ""}}, {"model": "admin.logentry", "pk": 32, "fields": {"action_time": "2023-12-21T12:22:41.382Z", "user": 1, "content_type": 9, "object_id": "29", "object_repr": "Longest Run", "action_flag": 3, "change_message": ""}}, {"model": "admin.logentry", "pk": 33, "fields": {"action_time": "2023-12-21T12:22:41.385Z", "user": 1, "content_type": 9, "object_id": "28", "object_repr": "Most Elevation Gained", "action_flag": 3, "change_message": ""}}, {"model": "admin.logentry", "pk": 34, "fields": {"action_time": "2023-12-21T12:22:41.389Z", "user": 1, "content_type": 9, "object_id": "27", "object_repr": "Fastest Half Marathon", "action_flag": 3, "change_message": ""}}, {"model": "admin.logentry", "pk": 35, "fields": {"action_time": "2023-12-21T12:22:41.394Z", "user": 1, "content_type": 9, "object_id": "26", "object_repr": "Fastest 10k", "action_flag": 3, "change_message": ""}}, {"model": "admin.logentry", "pk": 36, "fields": {"action_time": "2023-12-21T12:22:41.397Z", "user": 1, "content_type": 9, "object_id": "25", "object_repr": "Fastest 5k", "action_flag": 3, "change_message": ""}}, {"model": "admin.logentry", "pk": 37, "fields": {"action_time": "2023-12-21T12:22:41.400Z", "user": 1, "content_type": 9, "object_id": "24", "object_repr": "Most Countries Visited", "action_flag": 3, "change_message": ""}}, {"model": "admin.logentry", "pk": 38, "fields": {"action_time": "2023-12-21T12:22:41.403Z", "user": 1, "content_type": 9, "object_id": "23", "object_repr": "Most Hiking Distance", "action_flag": 3, "change_message": ""}}, {"model": "admin.logentry", "pk": 39, "fields": {"action_time": "2023-12-21T12:22:41.407Z", "user": 1, "content_type": 9, "object_id": "22", "object_repr": "Most Cycling Distance", "action_flag": 3, "change_message": ""}}, {"model": "admin.logentry", "pk": 40, "fields": {"action_time": "2023-12-21T12:22:41.412Z", "user": 1, "content_type": 9, "object_id": "21", "object_repr": "Most Running Distance", "action_flag": 3, "change_message": ""}}, {"model": "admin.logentry", "pk": 41, "fields": {"action_time": "2023-12-21T12:22:41.415Z", "user": 1, "content_type": 9, "object_id": "20", "object_repr": "Most Time Recorded", "action_flag": 3, "change_message": ""}}, {"model": "admin.logentry", "pk": 42, "fields": {"action_time": "2023-12-21T12:22:41.418Z", "user": 1, "content_type": 9, "object_id": "19", "object_repr": "Most Activities", "action_flag": 3, "change_message": ""}}, {"model": "admin.logentry", "pk": 43, "fields": {"action_time": "2023-12-21T12:22:41.422Z", "user": 1, "content_type": 9, "object_id": "18", "object_repr": "Biggest Climb", "action_flag": 3, "change_message": ""}}, {"model": "admin.logentry", "pk": 44, "fields": {"action_time": "2023-12-21T12:22:41.425Z", "user": 1, "content_type": 9, "object_id": "17", "object_repr": "Longest Hike", "action_flag": 3, "change_message": ""}}, {"model": "admin.logentry", "pk": 45, "fields": {"action_time": "2023-12-21T12:22:41.428Z", "user": 1, "content_type": 9, "object_id": "16", "object_repr": "Longest Ride", "action_flag": 3, "change_message": ""}}, {"model": "admin.logentry", "pk": 46, "fields": {"action_time": "2023-12-21T12:22:41.433Z", "user": 1, "content_type": 9, "object_id": "15", "object_repr": "Longest Run", "action_flag": 3, "change_message": ""}}, {"model": "admin.logentry", "pk": 47, "fields": {"action_time": "2023-12-21T12:22:41.436Z", "user": 1, "content_type": 9, "object_id": "14", "object_repr": "Most Elevation Gained", "action_flag": 3, "change_message": ""}}, {"model": "admin.logentry", "pk": 48, "fields": {"action_time": "2023-12-21T12:22:41.440Z", "user": 1, "content_type": 9, "object_id": "13", "object_repr": "Most Activities", "action_flag": 3, "change_message": ""}}, {"model": "admin.logentry", "pk": 49, "fields": {"action_time": "2023-12-21T12:22:41.443Z", "user": 1, "content_type": 9, "object_id": "12", "object_repr": "Biggest Climb", "action_flag": 3, "change_message": ""}}, {"model": "admin.logentry", "pk": 50, "fields": {"action_time": "2023-12-21T12:22:41.446Z", "user": 1, "content_type": 9, "object_id": "11", "object_repr": "Longest Hike", "action_flag": 3, "change_message": ""}}, {"model": "admin.logentry", "pk": 51, "fields": {"action_time": "2023-12-21T12:22:41.449Z", "user": 1, "content_type": 9, "object_id": "10", "object_repr": "Longest Ride", "action_flag": 3, "change_message": ""}}, {"model": "admin.logentry", "pk": 52, "fields": {"action_time": "2023-12-21T12:22:41.453Z", "user": 1, "content_type": 9, "object_id": "9", "object_repr": "Longest Run", "action_flag": 3, "change_message": ""}}, {"model": "admin.logentry", "pk": 53, "fields": {"action_time": "2023-12-21T12:22:41.456Z", "user": 1, "content_type": 9, "object_id": "8", "object_repr": "Most Elevation Gained", "action_flag": 3, "change_message": ""}}, {"model": "admin.logentry", "pk": 54, "fields": {"action_time": "2023-12-21T12:22:41.460Z", "user": 1, "content_type": 9, "object_id": "7", "object_repr": "Biggest Climb", "action_flag": 3, "change_message": ""}}, {"model": "admin.logentry", "pk": 55, "fields": {"action_time": "2023-12-21T12:22:41.462Z", "user": 1, "content_type": 9, "object_id": "6", "object_repr": "Longest Hike", "action_flag": 3, "change_message": ""}}, {"model": "admin.logentry", "pk": 56, "fields": {"action_time": "2023-12-21T12:22:41.466Z", "user": 1, "content_type": 9, "object_id": "5", "object_repr": "Longest Ride", "action_flag": 3, "change_message": ""}}, {"model": "admin.logentry", "pk": 57, "fields": {"action_time": "2023-12-21T12:22:41.470Z", "user": 1, "content_type": 9, "object_id": "4", "object_repr": "Longest Run", "action_flag": 3, "change_message": ""}}, {"model": "admin.logentry", "pk": 58, "fields": {"action_time": "2023-12-21T12:22:41.473Z", "user": 1, "content_type": 9, "object_id": "3", "object_repr": "Most Elevation Gained", "action_flag": 3, "change_message": ""}}, {"model": "admin.logentry", "pk": 59, "fields": {"action_time": "2023-12-21T12:22:41.477Z", "user": 1, "content_type": 9, "object_id": "2", "object_repr": "Longest Ride", "action_flag": 3, "change_message": ""}}, {"model": "admin.logentry", "pk": 60, "fields": {"action_time": "2023-12-21T12:22:41.479Z", "user": 1, "content_type": 9, "object_id": "1", "object_repr": "Longest Run", "action_flag": 3, "change_message": ""}}, {"model": "admin.logentry", "pk": 61, "fields": {"action_time": "2023-12-21T12:23:42.037Z", "user": 1, "content_type": 9, "object_id": "51", "object_repr": "Most Elevation Gained", "action_flag": 2, "change_message": "[{\"changed\": {\"fields\": [\"Holder\"]}}]"}}, {"model": "admin.logentry", "pk": 62, "fields": {"action_time": "2023-12-21T12:23:47.838Z", "user": 1, "content_type": 9, "object_id": "52", "object_repr": "Longest Run", "action_flag": 2, "change_message": "[{\"changed\": {\"fields\": [\"Holder\"]}}]"}}, {"model": "admin.logentry", "pk": 63, "fields": {"action_time": "2023-12-21T12:23:53.604Z", "user": 1, "content_type": 9, "object_id": "53", "object_repr": "Longest Ride", "action_flag": 2, "change_message": "[{\"changed\": {\"fields\": [\"Holder\"]}}]"}}, {"model": "admin.logentry", "pk": 64, "fields": {"action_time": "2023-12-21T12:23:59.879Z", "user": 1, "content_type": 9, "object_id": "54", "object_repr": "Longest Hike", "action_flag": 2, "change_message": "[{\"changed\": {\"fields\": [\"Holder\"]}}]"}}, {"model": "admin.logentry", "pk": 65, "fields": {"action_time": "2023-12-21T12:24:05.264Z", "user": 1, "content_type": 9, "object_id": "53", "object_repr": "Longest Ride", "action_flag": 2, "change_message": "[{\"changed\": {\"fields\": [\"Holder\"]}}]"}}, {"model": "admin.logentry", "pk": 66, "fields": {"action_time": "2023-12-21T12:24:11.398Z", "user": 1, "content_type": 9, "object_id": "55", "object_repr": "Biggest Climb", "action_flag": 2, "change_message": "[{\"changed\": {\"fields\": [\"Holder\"]}}]"}}, {"model": "admin.logentry", "pk": 67, "fields": {"action_time": "2023-12-21T12:24:42.219Z", "user": 1, "content_type": 9, "object_id": "58", "object_repr": "Most Running Distance", "action_flag": 2, "change_message": "[{\"changed\": {\"fields\": [\"Holder\"]}}]"}}, {"model": "admin.logentry", "pk": 68, "fields": {"action_time": "2023-12-21T12:24:48.588Z", "user": 1, "content_type": 9, "object_id": "59", "object_repr": "Most Cycling Distance", "action_flag": 2, "change_message": "[{\"changed\": {\"fields\": [\"Holder\"]}}]"}}, {"model": "admin.logentry", "pk": 69, "fields": {"action_time": "2023-12-21T12:24:54.165Z", "user": 1, "content_type": 9, "object_id": "60", "object_repr": "Most Hiking Distance", "action_flag": 2, "change_message": "[{\"changed\": {\"fields\": [\"Holder\"]}}]"}}, {"model": "admin.logentry", "pk": 70, "fields": {"action_time": "2023-12-21T12:25:39.152Z", "user": 1, "content_type": 9, "object_id": "66", "object_repr": "Highest Point", "action_flag": 2, "change_message": "[{\"changed\": {\"fields\": [\"Holder\"]}}]"}}, {"model": "admin.logentry", "pk": 71, "fields": {"action_time": "2023-12-21T16:01:45.299Z", "user": 1, "content_type": 9, "object_id": "72", "object_repr": "Best Injury", "action_flag": 2, "change_message": "[{\"changed\": {\"fields\": [\"Holder\"]}}]"}}, {"model": "admin.logentry", "pk": 72, "fields": {"action_time": "2023-12-21T17:48:13.192Z", "user": 1, "content_type": 8, "object_id": "47", "object_repr": "Ben Sanderson - Morning Run", "action_flag": 3, "change_message": ""}}, {"model": "admin.logentry", "pk": 73, "fields": {"action_time": "2023-12-21T17:48:13.202Z", "user": 1, "content_type": 8, "object_id": "46", "object_repr": "Ben Sanderson - Afternoon Ride", "action_flag": 3, "change_message": ""}}, {"model": "admin.logentry", "pk": 74, "fields": {"action_time": "2023-12-21T17:48:13.205Z", "user": 1, "content_type": 8, "object_id": "45", "object_repr": "Ben Sanderson - Morning Run", "action_flag": 3, "change_message": ""}}, {"model": "admin.logentry", "pk": 75, "fields": {"action_time": "2023-12-21T17:48:13.208Z", "user": 1, "content_type": 8, "object_id": "44", "object_repr": "Ben Sanderson - Morning Ride", "action_flag": 3, "change_message": ""}}, {"model": "admin.logentry", "pk": 76, "fields": {"action_time": "2023-12-21T17:48:13.211Z", "user": 1, "content_type": 8, "object_id": "43", "object_repr": "Ben Sanderson - Afternoon Run", "action_flag": 3, "change_message": ""}}, {"model": "admin.logentry", "pk": 77, "fields": {"action_time": "2023-12-21T17:48:13.214Z", "user": 1, "content_type": 8, "object_id": "42", "object_repr": "Ben Sanderson - Morning Ride", "action_flag": 3, "change_message": ""}}, {"model": "admin.logentry", "pk": 78, "fields": {"action_time": "2023-12-21T17:48:13.217Z", "user": 1, "content_type": 8, "object_id": "41", "object_repr": "Ben Sanderson - Morning Run", "action_flag": 3, "change_message": ""}}, {"model": "admin.logentry", "pk": 79, "fields": {"action_time": "2023-12-21T17:48:13.220Z", "user": 1, "content_type": 8, "object_id": "40", "object_repr": "Ben Sanderson - Afternoon Run", "action_flag": 3, "change_message": ""}}, {"model": "admin.logentry", "pk": 80, "fields": {"action_time": "2023-12-21T17:48:13.222Z", "user": 1, "content_type": 8, "object_id": "39", "object_repr": "Ben Sanderson - Morning Ride", "action_flag": 3, "change_message": ""}}, {"model": "admin.logentry", "pk": 81, "fields": {"action_time": "2023-12-21T17:48:13.225Z", "user": 1, "content_type": 8, "object_id": "38", "object_repr": "Ben Sanderson - Morning Run", "action_flag": 3, "change_message": ""}}, {"model": "admin.logentry", "pk": 82, "fields": {"action_time": "2023-12-21T17:48:13.227Z", "user": 1, "content_type": 8, "object_id": "37", "object_repr": "Ben Sanderson - Afternoon Ride", "action_flag": 3, "change_message": ""}}, {"model": "admin.logentry", "pk": 83, "fields": {"action_time": "2023-12-21T17:48:13.230Z", "user": 1, "content_type": 8, "object_id": "36", "object_repr": "Ben Sanderson - Morning Ride", "action_flag": 3, "change_message": ""}}, {"model": "admin.logentry", "pk": 84, "fields": {"action_time": "2023-12-21T17:48:13.233Z", "user": 1, "content_type": 8, "object_id": "35", "object_repr": "Justin Basham - Longdown Circuit", "action_flag": 3, "change_message": ""}}, {"model": "admin.logentry", "pk": 85, "fields": {"action_time": "2023-12-21T17:48:13.236Z", "user": 1, "content_type": 8, "object_id": "34", "object_repr": "Justin Basham - Lee Lane Reverse", "action_flag": 3, "change_message": ""}}, {"model": "admin.logentry", "pk": 86, "fields": {"action_time": "2023-12-21T17:48:13.239Z", "user": 1, "content_type": 8, "object_id": "33", "object_repr": "Justin Basham - West Totton Squash", "action_flag": 3, "change_message": ""}}, {"model": "admin.logentry", "pk": 87, "fields": {"action_time": "2023-12-21T17:48:13.241Z", "user": 1, "content_type": 8, "object_id": "32", "object_repr": "Justin Basham - Southampton Common Hill-Climbs", "action_flag": 3, "change_message": ""}}, {"model": "admin.logentry", "pk": 88, "fields": {"action_time": "2023-12-21T17:48:13.244Z", "user": 1, "content_type": 8, "object_id": "31", "object_repr": "Justin Basham - Longdown Circuit", "action_flag": 3, "change_message": ""}}, {"model": "admin.logentry", "pk": 89, "fields": {"action_time": "2023-12-21T17:48:13.247Z", "user": 1, "content_type": 8, "object_id": "30", "object_repr": "Justin Basham - Beaulieu Circuit", "action_flag": 3, "change_message": ""}}, {"model": "admin.logentry", "pk": 90, "fields": {"action_time": "2023-12-21T17:48:13.250Z", "user": 1, "content_type": 8, "object_id": "29", "object_repr": "Justin Basham - Longdown Circuit", "action_flag": 3, "change_message": ""}}, {"model": "admin.logentry", "pk": 91, "fields": {"action_time": "2023-12-21T17:48:13.254Z", "user": 1, "content_type": 8, "object_id": "28", "object_repr": "Justin Basham - West Totton Squash", "action_flag": 3, "change_message": ""}}, {"model": "admin.logentry", "pk": 92, "fields": {"action_time": "2023-12-21T17:48:13.256Z", "user": 1, "content_type": 8, "object_id": "27", "object_repr": "Justin Basham - Longdown Circuit", "action_flag": 3, "change_message": ""}}, {"model": "admin.logentry", "pk": 93, "fields": {"action_time": "2023-12-21T17:48:13.259Z", "user": 1, "content_type": 8, "object_id": "26", "object_repr": "Tom Hayter - Afternoon Run", "action_flag": 3, "change_message": ""}}, {"model": "admin.logentry", "pk": 94, "fields": {"action_time": "2023-12-21T17:48:13.261Z", "user": 1, "content_type": 8, "object_id": "25", "object_repr": "Tom Hayter - Afternoon Walk", "action_flag": 3, "change_message": ""}}, {"model": "admin.logentry", "pk": 95, "fields": {"action_time": "2023-12-21T17:48:13.266Z", "user": 1, "content_type": 8, "object_id": "24", "object_repr": "Tom Hayter - Frosted Grass", "action_flag": 3, "change_message": ""}}, {"model": "admin.logentry", "pk": 96, "fields": {"action_time": "2023-12-21T17:48:13.268Z", "user": 1, "content_type": 8, "object_id": "23", "object_repr": "Tom Hayter - Lunch Run", "action_flag": 3, "change_message": ""}}, {"model": "admin.logentry", "pk": 97, "fields": {"action_time": "2023-12-21T17:48:13.271Z", "user": 1, "content_type": 8, "object_id": "22", "object_repr": "Tom Hayter - Lunch Run", "action_flag": 3, "change_message": ""}}, {"model": "admin.logentry", "pk": 98, "fields": {"action_time": "2023-12-21T17:48:13.273Z", "user": 1, "content_type": 8, "object_id": "21", "object_repr": "Tom Hayter - Castleton Circular from Edale", "action_flag": 3, "change_message": ""}}, {"model": "admin.logentry", "pk": 99, "fields": {"action_time": "2023-12-21T17:48:13.277Z", "user": 1, "content_type": 8, "object_id": "20", "object_repr": "Tom Hayter - West Totton Squash", "action_flag": 3, "change_message": ""}}, {"model": "admin.logentry", "pk": 100, "fields": {"action_time": "2023-12-21T17:48:13.278Z", "user": 1, "content_type": 8, "object_id": "19", "object_repr": "Tom Hayter - Home Run", "action_flag": 3, "change_message": ""}}, {"model": "admin.logentry", "pk": 101, "fields": {"action_time": "2023-12-21T17:48:13.282Z", "user": 1, "content_type": 8, "object_id": "18", "object_repr": "Tom Hayter - Black Hill", "action_flag": 3, "change_message": ""}}, {"model": "admin.logentry", "pk": 102, "fields": {"action_time": "2023-12-21T17:48:13.285Z", "user": 1, "content_type": 8, "object_id": "17", "object_repr": "Tom Hayter - Mist-timed it", "action_flag": 3, "change_message": ""}}, {"model": "admin.logentry", "pk": 103, "fields": {"action_time": "2023-12-21T17:48:13.287Z", "user": 1, "content_type": 8, "object_id": "16", "object_repr": "Tom Hayter - Adventure Time", "action_flag": 3, "change_message": ""}}, {"model": "admin.logentry", "pk": 104, "fields": {"action_time": "2023-12-21T17:48:13.290Z", "user": 1, "content_type": 8, "object_id": "15", "object_repr": "Tom Hayter - Visiting the biggest sports venue in Manchester on a special day", "action_flag": 3, "change_message": ""}}, {"model": "admin.logentry", "pk": 105, "fields": {"action_time": "2023-12-21T17:48:13.293Z", "user": 1, "content_type": 8, "object_id": "14", "object_repr": "Tom Hayter - Afternoon Stroll", "action_flag": 3, "change_message": ""}}, {"model": "admin.logentry", "pk": 106, "fields": {"action_time": "2023-12-21T17:48:13.295Z", "user": 1, "content_type": 8, "object_id": "13", "object_repr": "Tom Hayter - Afternoon Run", "action_flag": 3, "change_message": ""}}, {"model": "admin.logentry", "pk": 107, "fields": {"action_time": "2023-12-21T17:48:13.298Z", "user": 1, "content_type": 8, "object_id": "12", "object_repr": "Tom Hayter - Halfway from the Battle of Marathon to Athens but it all happened in Salford", "action_flag": 3, "change_message": ""}}, {"model": "admin.logentry", "pk": 108, "fields": {"action_time": "2023-12-21T17:48:13.301Z", "user": 1, "content_type": 8, "object_id": "11", "object_repr": "Tom Hayter - Route Planning", "action_flag": 3, "change_message": ""}}, {"model": "admin.logentry", "pk": 109, "fields": {"action_time": "2023-12-21T17:48:13.304Z", "user": 1, "content_type": 8, "object_id": "10", "object_repr": "Tom Hayter - Morning Run", "action_flag": 3, "change_message": ""}}, {"model": "admin.logentry", "pk": 110, "fields": {"action_time": "2023-12-21T17:48:13.308Z", "user": 1, "content_type": 8, "object_id": "9", "object_repr": "Tom Hayter - The return of the gammy knee", "action_flag": 3, "change_message": ""}}, {"model": "admin.logentry", "pk": 111, "fields": {"action_time": "2023-12-21T17:48:13.310Z", "user": 1, "content_type": 8, "object_id": "8", "object_repr": "Tom Hayter - Quality GPS hiding what an arse I made of going to Salford", "action_flag": 3, "change_message": ""}}, {"model": "admin.logentry", "pk": 112, "fields": {"action_time": "2023-12-21T17:48:13.314Z", "user": 1, "content_type": 8, "object_id": "7", "object_repr": "Tom Hayter - River Irwell Run (and Swim apparently)", "action_flag": 3, "change_message": ""}}, {"model": "admin.logentry", "pk": 113, "fields": {"action_time": "2023-12-21T17:48:13.317Z", "user": 1, "content_type": 8, "object_id": "6", "object_repr": "Tom Hayter - Pictures don't do the New Forest justice", "action_flag": 3, "change_message": ""}}, {"model": "admin.logentry", "pk": 114, "fields": {"action_time": "2023-12-21T17:48:13.319Z", "user": 1, "content_type": 8, "object_id": "5", "object_repr": "Tom Hayter - Seeing what a week of booze, BBQ's, and about 3.4 vegetables total does to a man", "action_flag": 3, "change_message": ""}}, {"model": "admin.logentry", "pk": 115, "fields": {"action_time": "2023-12-21T17:48:13.323Z", "user": 1, "content_type": 8, "object_id": "4", "object_repr": "Tom Hayter - Last squash of summer?", "action_flag": 3, "change_message": ""}}, {"model": "admin.logentry", "pk": 116, "fields": {"action_time": "2023-12-21T17:48:13.325Z", "user": 1, "content_type": 8, "object_id": "3", "object_repr": "Tom Hayter - Longdown with Justin", "action_flag": 3, "change_message": ""}}, {"model": "admin.logentry", "pk": 117, "fields": {"action_time": "2023-12-21T17:48:13.328Z", "user": 1, "content_type": 8, "object_id": "2", "object_repr": "Tom Hayter - Testing the first draft of a program I'm writing using the Strava API", "action_flag": 3, "change_message": ""}}, {"model": "admin.logentry", "pk": 118, "fields": {"action_time": "2023-12-21T17:48:13.331Z", "user": 1, "content_type": 8, "object_id": "1", "object_repr": "Tom Hayter - Parkrun through the annual fun fair", "action_flag": 3, "change_message": ""}}, {"model": "admin.logentry", "pk": 119, "fields": {"action_time": "2023-12-21T18:00:47.400Z", "user": 1, "content_type": 8, "object_id": "94", "object_repr": "Ben Sanderson - Morning Run", "action_flag": 3, "change_message": ""}}, {"model": "admin.logentry", "pk": 120, "fields": {"action_time": "2023-12-21T18:00:47.410Z", "user": 1, "content_type": 8, "object_id": "93", "object_repr": "Ben Sanderson - Afternoon Ride", "action_flag": 3, "change_message": ""}}, {"model": "admin.logentry", "pk": 121, "fields": {"action_time": "2023-12-21T18:00:47.413Z", "user": 1, "content_type": 8, "object_id": "92", "object_repr": "Ben Sanderson - Morning Run", "action_flag": 3, "change_message": ""}}, {"model": "admin.logentry", "pk": 122, "fields": {"action_time": "2023-12-21T18:00:47.416Z", "user": 1, "content_type": 8, "object_id": "91", "object_repr": "Ben Sanderson - Morning Ride", "action_flag": 3, "change_message": ""}}, {"model": "admin.logentry", "pk": 123, "fields": {"action_time": "2023-12-21T18:00:47.419Z", "user": 1, "content_type": 8, "object_id": "90", "object_repr": "Ben Sanderson - Afternoon Run", "action_flag": 3, "change_message": ""}}, {"model": "admin.logentry", "pk": 124, "fields": {"action_time": "2023-12-21T18:00:47.423Z", "user": 1, "content_type": 8, "object_id": "89", "object_repr": "Ben Sanderson - Morning Ride", "action_flag": 3, "change_message": ""}}, {"model": "admin.logentry", "pk": 125, "fields": {"action_time": "2023-12-21T18:00:47.426Z", "user": 1, "content_type": 8, "object_id": "88", "object_repr": "Ben Sanderson - Morning Run", "action_flag": 3, "change_message": ""}}, {"model": "admin.logentry", "pk": 126, "fields": {"action_time": "2023-12-21T18:00:47.429Z", "user": 1, "content_type": 8, "object_id": "87", "object_repr": "Ben Sanderson - Afternoon Run", "action_flag": 3, "change_message": ""}}, {"model": "admin.logentry", "pk": 127, "fields": {"action_time": "2023-12-21T18:00:47.432Z", "user": 1, "content_type": 8, "object_id": "86", "object_repr": "Ben Sanderson - Morning Ride", "action_flag": 3, "change_message": ""}}, {"model": "admin.logentry", "pk": 128, "fields": {"action_time": "2023-12-21T18:00:47.435Z", "user": 1, "content_type": 8, "object_id": "85", "object_repr": "Ben Sanderson - Morning Run", "action_flag": 3, "change_message": ""}}, {"model": "admin.logentry", "pk": 129, "fields": {"action_time": "2023-12-21T18:00:47.438Z", "user": 1, "content_type": 8, "object_id": "84", "object_repr": "Ben Sanderson - Afternoon Ride", "action_flag": 3, "change_message": ""}}, {"model": "admin.logentry", "pk": 130, "fields": {"action_time": "2023-12-21T18:00:47.441Z", "user": 1, "content_type": 8, "object_id": "83", "object_repr": "Ben Sanderson - Morning Ride", "action_flag": 3, "change_message": ""}}, {"model": "admin.logentry", "pk": 131, "fields": {"action_time": "2023-12-21T18:00:47.445Z", "user": 1, "content_type": 8, "object_id": "82", "object_repr": "Justin Basham - Longdown Circuit", "action_flag": 3, "change_message": ""}}, {"model": "admin.logentry", "pk": 132, "fields": {"action_time": "2023-12-21T18:00:47.448Z", "user": 1, "content_type": 8, "object_id": "81", "object_repr": "Justin Basham - Lee Lane Reverse", "action_flag": 3, "change_message": ""}}, {"model": "admin.logentry", "pk": 133, "fields": {"action_time": "2023-12-21T18:00:47.452Z", "user": 1, "content_type": 8, "object_id": "80", "object_repr": "Justin Basham - West Totton Squash", "action_flag": 3, "change_message": ""}}, {"model": "admin.logentry", "pk": 134, "fields": {"action_time": "2023-12-21T18:00:47.455Z", "user": 1, "content_type": 8, "object_id": "79", "object_repr": "Justin Basham - Southampton Common Hill-Climbs", "action_flag": 3, "change_message": ""}}, {"model": "admin.logentry", "pk": 135, "fields": {"action_time": "2023-12-21T18:00:47.458Z", "user": 1, "content_type": 8, "object_id": "78", "object_repr": "Justin Basham - Longdown Circuit", "action_flag": 3, "change_message": ""}}, {"model": "admin.logentry", "pk": 136, "fields": {"action_time": "2023-12-21T18:00:47.462Z", "user": 1, "content_type": 8, "object_id": "77", "object_repr": "Justin Basham - Beaulieu Circuit", "action_flag": 3, "change_message": ""}}, {"model": "admin.logentry", "pk": 137, "fields": {"action_time": "2023-12-21T18:00:47.465Z", "user": 1, "content_type": 8, "object_id": "76", "object_repr": "Justin Basham - Longdown Circuit", "action_flag": 3, "change_message": ""}}, {"model": "admin.logentry", "pk": 138, "fields": {"action_time": "2023-12-21T18:00:47.467Z", "user": 1, "content_type": 8, "object_id": "75", "object_repr": "Justin Basham - West Totton Squash", "action_flag": 3, "change_message": ""}}, {"model": "admin.logentry", "pk": 139, "fields": {"action_time": "2023-12-21T18:00:47.471Z", "user": 1, "content_type": 8, "object_id": "74", "object_repr": "Justin Basham - Longdown Circuit", "action_flag": 3, "change_message": ""}}, {"model": "admin.logentry", "pk": 140, "fields": {"action_time": "2023-12-21T18:00:47.474Z", "user": 1, "content_type": 8, "object_id": "73", "object_repr": "Tom Hayter - Afternoon Run", "action_flag": 3, "change_message": ""}}, {"model": "admin.logentry", "pk": 141, "fields": {"action_time": "2023-12-21T18:00:47.478Z", "user": 1, "content_type": 8, "object_id": "72", "object_repr": "Tom Hayter - Afternoon Walk", "action_flag": 3, "change_message": ""}}, {"model": "admin.logentry", "pk": 142, "fields": {"action_time": "2023-12-21T18:00:47.480Z", "user": 1, "content_type": 8, "object_id": "71", "object_repr": "Tom Hayter - Frosted Grass", "action_flag": 3, "change_message": ""}}, {"model": "admin.logentry", "pk": 143, "fields": {"action_time": "2023-12-21T18:00:47.483Z", "user": 1, "content_type": 8, "object_id": "70", "object_repr": "Tom Hayter - Lunch Run", "action_flag": 3, "change_message": ""}}, {"model": "admin.logentry", "pk": 144, "fields": {"action_time": "2023-12-21T18:00:47.487Z", "user": 1, "content_type": 8, "object_id": "69", "object_repr": "Tom Hayter - Lunch Run", "action_flag": 3, "change_message": ""}}, {"model": "admin.logentry", "pk": 145, "fields": {"action_time": "2023-12-21T18:00:47.490Z", "user": 1, "content_type": 8, "object_id": "68", "object_repr": "Tom Hayter - Castleton Circular from Edale", "action_flag": 3, "change_message": ""}}, {"model": "admin.logentry", "pk": 146, "fields": {"action_time": "2023-12-21T18:00:47.493Z", "user": 1, "content_type": 8, "object_id": "67", "object_repr": "Tom Hayter - West Totton Squash", "action_flag": 3, "change_message": ""}}, {"model": "admin.logentry", "pk": 147, "fields": {"action_time": "2023-12-21T18:00:47.496Z", "user": 1, "content_type": 8, "object_id": "66", "object_repr": "Tom Hayter - Home Run", "action_flag": 3, "change_message": ""}}, {"model": "admin.logentry", "pk": 148, "fields": {"action_time": "2023-12-21T18:00:47.499Z", "user": 1, "content_type": 8, "object_id": "65", "object_repr": "Tom Hayter - Black Hill", "action_flag": 3, "change_message": ""}}, {"model": "admin.logentry", "pk": 149, "fields": {"action_time": "2023-12-21T18:00:47.502Z", "user": 1, "content_type": 8, "object_id": "64", "object_repr": "Tom Hayter - Mist-timed it", "action_flag": 3, "change_message": ""}}, {"model": "admin.logentry", "pk": 150, "fields": {"action_time": "2023-12-21T18:00:47.505Z", "user": 1, "content_type": 8, "object_id": "63", "object_repr": "Tom Hayter - Adventure Time", "action_flag": 3, "change_message": ""}}, {"model": "admin.logentry", "pk": 151, "fields": {"action_time": "2023-12-21T18:00:47.509Z", "user": 1, "content_type": 8, "object_id": "62", "object_repr": "Tom Hayter - Visiting the biggest sports venue in Manchester on a special day", "action_flag": 3, "change_message": ""}}, {"model": "admin.logentry", "pk": 152, "fields": {"action_time": "2023-12-21T18:00:47.513Z", "user": 1, "content_type": 8, "object_id": "61", "object_repr": "Tom Hayter - Afternoon Stroll", "action_flag": 3, "change_message": ""}}, {"model": "admin.logentry", "pk": 153, "fields": {"action_time": "2023-12-21T18:00:47.516Z", "user": 1, "content_type": 8, "object_id": "60", "object_repr": "Tom Hayter - Afternoon Run", "action_flag": 3, "change_message": ""}}, {"model": "admin.logentry", "pk": 154, "fields": {"action_time": "2023-12-21T18:00:47.518Z", "user": 1, "content_type": 8, "object_id": "59", "object_repr": "Tom Hayter - Halfway from the Battle of Marathon to Athens but it all happened in Salford", "action_flag": 3, "change_message": ""}}, {"model": "admin.logentry", "pk": 155, "fields": {"action_time": "2023-12-21T18:00:47.521Z", "user": 1, "content_type": 8, "object_id": "58", "object_repr": "Tom Hayter - Route Planning", "action_flag": 3, "change_message": ""}}, {"model": "admin.logentry", "pk": 156, "fields": {"action_time": "2023-12-21T18:00:47.525Z", "user": 1, "content_type": 8, "object_id": "57", "object_repr": "Tom Hayter - Morning Run", "action_flag": 3, "change_message": ""}}, {"model": "admin.logentry", "pk": 157, "fields": {"action_time": "2023-12-21T18:00:47.527Z", "user": 1, "content_type": 8, "object_id": "56", "object_repr": "Tom Hayter - The return of the gammy knee", "action_flag": 3, "change_message": ""}}, {"model": "admin.logentry", "pk": 158, "fields": {"action_time": "2023-12-21T18:00:47.531Z", "user": 1, "content_type": 8, "object_id": "55", "object_repr": "Tom Hayter - Quality GPS hiding what an arse I made of going to Salford", "action_flag": 3, "change_message": ""}}, {"model": "admin.logentry", "pk": 159, "fields": {"action_time": "2023-12-21T18:00:47.533Z", "user": 1, "content_type": 8, "object_id": "54", "object_repr": "Tom Hayter - River Irwell Run (and Swim apparently)", "action_flag": 3, "change_message": ""}}, {"model": "admin.logentry", "pk": 160, "fields": {"action_time": "2023-12-21T18:00:47.537Z", "user": 1, "content_type": 8, "object_id": "53", "object_repr": "Tom Hayter - Pictures don't do the New Forest justice", "action_flag": 3, "change_message": ""}}, {"model": "admin.logentry", "pk": 161, "fields": {"action_time": "2023-12-21T18:00:47.540Z", "user": 1, "content_type": 8, "object_id": "52", "object_repr": "Tom Hayter - Seeing what a week of booze, BBQ's, and about 3.4 vegetables total does to a man", "action_flag": 3, "change_message": ""}}, {"model": "admin.logentry", "pk": 162, "fields": {"action_time": "2023-12-21T18:00:47.544Z", "user": 1, "content_type": 8, "object_id": "51", "object_repr": "Tom Hayter - Last squash of summer?", "action_flag": 3, "change_message": ""}}, {"model": "admin.logentry", "pk": 163, "fields": {"action_time": "2023-12-21T18:00:47.547Z", "user": 1, "content_type": 8, "object_id": "50", "object_repr": "Tom Hayter - Longdown with Justin", "action_flag": 3, "change_message": ""}}, {"model": "admin.logentry", "pk": 164, "fields": {"action_time": "2023-12-21T18:00:47.550Z", "user": 1, "content_type": 8, "object_id": "49", "object_repr": "Tom Hayter - Testing the first draft of a program I'm writing using the Strava API", "action_flag": 3, "change_message": ""}}, {"model": "admin.logentry", "pk": 165, "fields": {"action_time": "2023-12-21T18:00:47.553Z", "user": 1, "content_type": 8, "object_id": "48", "object_repr": "Tom Hayter - Parkrun through the annual fun fair", "action_flag": 3, "change_message": ""}}, {"model": "admin.logentry", "pk": 166, "fields": {"action_time": "2023-12-21T18:05:12.493Z", "user": 1, "content_type": 8, "object_id": "141", "object_repr": "Ben Sanderson - Morning Run", "action_flag": 3, "change_message": ""}}, {"model": "admin.logentry", "pk": 167, "fields": {"action_time": "2023-12-21T18:05:12.499Z", "user": 1, "content_type": 8, "object_id": "140", "object_repr": "Ben Sanderson - Afternoon Ride", "action_flag": 3, "change_message": ""}}, {"model": "admin.logentry", "pk": 168, "fields": {"action_time": "2023-12-21T18:05:12.503Z", "user": 1, "content_type": 8, "object_id": "139", "object_repr": "Ben Sanderson - Morning Run", "action_flag": 3, "change_message": ""}}, {"model": "admin.logentry", "pk": 169, "fields": {"action_time": "2023-12-21T18:05:12.506Z", "user": 1, "content_type": 8, "object_id": "138", "object_repr": "Ben Sanderson - Morning Ride", "action_flag": 3, "change_message": ""}}, {"model": "admin.logentry", "pk": 170, "fields": {"action_time": "2023-12-21T18:05:12.510Z", "user": 1, "content_type": 8, "object_id": "137", "object_repr": "Ben Sanderson - Afternoon Run", "action_flag": 3, "change_message": ""}}, {"model": "admin.logentry", "pk": 171, "fields": {"action_time": "2023-12-21T18:05:12.515Z", "user": 1, "content_type": 8, "object_id": "136", "object_repr": "Ben Sanderson - Morning Ride", "action_flag": 3, "change_message": ""}}, {"model": "admin.logentry", "pk": 172, "fields": {"action_time": "2023-12-21T18:05:12.519Z", "user": 1, "content_type": 8, "object_id": "135", "object_repr": "Ben Sanderson - Morning Run", "action_flag": 3, "change_message": ""}}, {"model": "admin.logentry", "pk": 173, "fields": {"action_time": "2023-12-21T18:05:12.524Z", "user": 1, "content_type": 8, "object_id": "134", "object_repr": "Ben Sanderson - Afternoon Run", "action_flag": 3, "change_message": ""}}, {"model": "admin.logentry", "pk": 174, "fields": {"action_time": "2023-12-21T18:05:12.527Z", "user": 1, "content_type": 8, "object_id": "133", "object_repr": "Ben Sanderson - Morning Ride", "action_flag": 3, "change_message": ""}}, {"model": "admin.logentry", "pk": 175, "fields": {"action_time": "2023-12-21T18:05:12.531Z", "user": 1, "content_type": 8, "object_id": "132", "object_repr": "Ben Sanderson - Morning Run", "action_flag": 3, "change_message": ""}}, {"model": "admin.logentry", "pk": 176, "fields": {"action_time": "2023-12-21T18:05:12.535Z", "user": 1, "content_type": 8, "object_id": "131", "object_repr": "Ben Sanderson - Afternoon Ride", "action_flag": 3, "change_message": ""}}, {"model": "admin.logentry", "pk": 177, "fields": {"action_time": "2023-12-21T18:05:12.539Z", "user": 1, "content_type": 8, "object_id": "130", "object_repr": "Ben Sanderson - Morning Ride", "action_flag": 3, "change_message": ""}}, {"model": "admin.logentry", "pk": 178, "fields": {"action_time": "2023-12-21T18:05:12.545Z", "user": 1, "content_type": 8, "object_id": "129", "object_repr": "Justin Basham - Longdown Circuit", "action_flag": 3, "change_message": ""}}, {"model": "admin.logentry", "pk": 179, "fields": {"action_time": "2023-12-21T18:05:12.548Z", "user": 1, "content_type": 8, "object_id": "128", "object_repr": "Justin Basham - Lee Lane Reverse", "action_flag": 3, "change_message": ""}}, {"model": "admin.logentry", "pk": 180, "fields": {"action_time": "2023-12-21T18:05:12.553Z", "user": 1, "content_type": 8, "object_id": "127", "object_repr": "Justin Basham - West Totton Squash", "action_flag": 3, "change_message": ""}}, {"model": "admin.logentry", "pk": 181, "fields": {"action_time": "2023-12-21T18:05:12.559Z", "user": 1, "content_type": 8, "object_id": "126", "object_repr": "Justin Basham - Southampton Common Hill-Climbs", "action_flag": 3, "change_message": ""}}, {"model": "admin.logentry", "pk": 182, "fields": {"action_time": "2023-12-21T18:05:12.563Z", "user": 1, "content_type": 8, "object_id": "125", "object_repr": "Justin Basham - Longdown Circuit", "action_flag": 3, "change_message": ""}}, {"model": "admin.logentry", "pk": 183, "fields": {"action_time": "2023-12-21T18:05:12.566Z", "user": 1, "content_type": 8, "object_id": "124", "object_repr": "Justin Basham - Beaulieu Circuit", "action_flag": 3, "change_message": ""}}, {"model": "admin.logentry", "pk": 184, "fields": {"action_time": "2023-12-21T18:05:12.570Z", "user": 1, "content_type": 8, "object_id": "123", "object_repr": "Justin Basham - Longdown Circuit", "action_flag": 3, "change_message": ""}}, {"model": "admin.logentry", "pk": 185, "fields": {"action_time": "2023-12-21T18:05:12.574Z", "user": 1, "content_type": 8, "object_id": "122", "object_repr": "Justin Basham - West Totton Squash", "action_flag": 3, "change_message": ""}}, {"model": "admin.logentry", "pk": 186, "fields": {"action_time": "2023-12-21T18:05:12.578Z", "user": 1, "content_type": 8, "object_id": "121", "object_repr": "Justin Basham - Longdown Circuit", "action_flag": 3, "change_message": ""}}, {"model": "admin.logentry", "pk": 187, "fields": {"action_time": "2023-12-21T18:05:12.581Z", "user": 1, "content_type": 8, "object_id": "120", "object_repr": "Tom Hayter - Afternoon Run", "action_flag": 3, "change_message": ""}}, {"model": "admin.logentry", "pk": 188, "fields": {"action_time": "2023-12-21T18:05:12.586Z", "user": 1, "content_type": 8, "object_id": "119", "object_repr": "Tom Hayter - Afternoon Walk", "action_flag": 3, "change_message": ""}}, {"model": "admin.logentry", "pk": 189, "fields": {"action_time": "2023-12-21T18:05:12.589Z", "user": 1, "content_type": 8, "object_id": "118", "object_repr": "Tom Hayter - Frosted Grass", "action_flag": 3, "change_message": ""}}, {"model": "admin.logentry", "pk": 190, "fields": {"action_time": "2023-12-21T18:05:12.593Z", "user": 1, "content_type": 8, "object_id": "117", "object_repr": "Tom Hayter - Lunch Run", "action_flag": 3, "change_message": ""}}, {"model": "admin.logentry", "pk": 191, "fields": {"action_time": "2023-12-21T18:05:12.596Z", "user": 1, "content_type": 8, "object_id": "116", "object_repr": "Tom Hayter - Lunch Run", "action_flag": 3, "change_message": ""}}, {"model": "admin.logentry", "pk": 192, "fields": {"action_time": "2023-12-21T18:05:12.599Z", "user": 1, "content_type": 8, "object_id": "115", "object_repr": "Tom Hayter - Castleton Circular from Edale", "action_flag": 3, "change_message": ""}}, {"model": "admin.logentry", "pk": 193, "fields": {"action_time": "2023-12-21T18:05:12.603Z", "user": 1, "content_type": 8, "object_id": "114", "object_repr": "Tom Hayter - West Totton Squash", "action_flag": 3, "change_message": ""}}, {"model": "admin.logentry", "pk": 194, "fields": {"action_time": "2023-12-21T18:05:12.605Z", "user": 1, "content_type": 8, "object_id": "113", "object_repr": "Tom Hayter - Home Run", "action_flag": 3, "change_message": ""}}, {"model": "admin.logentry", "pk": 195, "fields": {"action_time": "2023-12-21T18:05:12.609Z", "user": 1, "content_type": 8, "object_id": "112", "object_repr": "Tom Hayter - Black Hill", "action_flag": 3, "change_message": ""}}, {"model": "admin.logentry", "pk": 196, "fields": {"action_time": "2023-12-21T18:05:12.612Z", "user": 1, "content_type": 8, "object_id": "111", "object_repr": "Tom Hayter - Mist-timed it", "action_flag": 3, "change_message": ""}}, {"model": "admin.logentry", "pk": 197, "fields": {"action_time": "2023-12-21T18:05:12.615Z", "user": 1, "content_type": 8, "object_id": "110", "object_repr": "Tom Hayter - Adventure Time", "action_flag": 3, "change_message": ""}}, {"model": "admin.logentry", "pk": 198, "fields": {"action_time": "2023-12-21T18:05:12.618Z", "user": 1, "content_type": 8, "object_id": "109", "object_repr": "Tom Hayter - Visiting the biggest sports venue in Manchester on a special day", "action_flag": 3, "change_message": ""}}, {"model": "admin.logentry", "pk": 199, "fields": {"action_time": "2023-12-21T18:05:12.622Z", "user": 1, "content_type": 8, "object_id": "108", "object_repr": "Tom Hayter - Afternoon Stroll", "action_flag": 3, "change_message": ""}}, {"model": "admin.logentry", "pk": 200, "fields": {"action_time": "2023-12-21T18:05:12.625Z", "user": 1, "content_type": 8, "object_id": "107", "object_repr": "Tom Hayter - Afternoon Run", "action_flag": 3, "change_message": ""}}, {"model": "admin.logentry", "pk": 201, "fields": {"action_time": "2023-12-21T18:05:12.627Z", "user": 1, "content_type": 8, "object_id": "106", "object_repr": "Tom Hayter - Halfway from the Battle of Marathon to Athens but it all happened in Salford", "action_flag": 3, "change_message": ""}}, {"model": "admin.logentry", "pk": 202, "fields": {"action_time": "2023-12-21T18:05:12.631Z", "user": 1, "content_type": 8, "object_id": "105", "object_repr": "Tom Hayter - Route Planning", "action_flag": 3, "change_message": ""}}, {"model": "admin.logentry", "pk": 203, "fields": {"action_time": "2023-12-21T18:05:12.634Z", "user": 1, "content_type": 8, "object_id": "104", "object_repr": "Tom Hayter - Morning Run", "action_flag": 3, "change_message": ""}}, {"model": "admin.logentry", "pk": 204, "fields": {"action_time": "2023-12-21T18:05:12.637Z", "user": 1, "content_type": 8, "object_id": "103", "object_repr": "Tom Hayter - The return of the gammy knee", "action_flag": 3, "change_message": ""}}, {"model": "admin.logentry", "pk": 205, "fields": {"action_time": "2023-12-21T18:05:12.640Z", "user": 1, "content_type": 8, "object_id": "102", "object_repr": "Tom Hayter - Quality GPS hiding what an arse I made of going to Salford", "action_flag": 3, "change_message": ""}}, {"model": "admin.logentry", "pk": 206, "fields": {"action_time": "2023-12-21T18:05:12.644Z", "user": 1, "content_type": 8, "object_id": "101", "object_repr": "Tom Hayter - River Irwell Run (and Swim apparently)", "action_flag": 3, "change_message": ""}}, {"model": "admin.logentry", "pk": 207, "fields": {"action_time": "2023-12-21T18:05:12.647Z", "user": 1, "content_type": 8, "object_id": "100", "object_repr": "Tom Hayter - Pictures don't do the New Forest justice", "action_flag": 3, "change_message": ""}}, {"model": "admin.logentry", "pk": 208, "fields": {"action_time": "2023-12-21T18:05:12.651Z", "user": 1, "content_type": 8, "object_id": "99", "object_repr": "Tom Hayter - Seeing what a week of booze, BBQ's, and about 3.4 vegetables total does to a man", "action_flag": 3, "change_message": ""}}, {"model": "admin.logentry", "pk": 209, "fields": {"action_time": "2023-12-21T18:05:12.654Z", "user": 1, "content_type": 8, "object_id": "98", "object_repr": "Tom Hayter - Last squash of summer?", "action_flag": 3, "change_message": ""}}, {"model": "admin.logentry", "pk": 210, "fields": {"action_time": "2023-12-21T18:05:12.658Z", "user": 1, "content_type": 8, "object_id": "97", "object_repr": "Tom Hayter - Longdown with Justin", "action_flag": 3, "change_message": ""}}, {"model": "admin.logentry", "pk": 211, "fields": {"action_time": "2023-12-21T18:05:12.661Z", "user": 1, "content_type": 8, "object_id": "96", "object_repr": "Tom Hayter - Testing the first draft of a program I'm writing using the Strava API", "action_flag": 3, "change_message": ""}}, {"model": "admin.logentry", "pk": 212, "fields": {"action_time": "2023-12-21T18:05:12.665Z", "user": 1, "content_type": 8, "object_id": "95", "object_repr": "Tom Hayter - Parkrun through the annual fun fair", "action_flag": 3, "change_message": ""}}, {"model": "admin.logentry", "pk": 213, "fields": {"action_time": "2023-12-21T18:24:59.295Z", "user": 1, "content_type": 8, "object_id": "188", "object_repr": "Ben Sanderson - Morning Run", "action_flag": 3, "change_message": ""}}, {"model": "admin.logentry", "pk": 214, "fields": {"action_time": "2023-12-21T18:24:59.311Z", "user": 1, "content_type": 8, "object_id": "187", "object_repr": "Ben Sanderson - Afternoon Ride", "action_flag": 3, "change_message": ""}}, {"model": "admin.logentry", "pk": 215, "fields": {"action_time": "2023-12-21T18:24:59.320Z", "user": 1, "content_type": 8, "object_id": "186", "object_repr": "Ben Sanderson - Morning Run", "action_flag": 3, "change_message": ""}}, {"model": "admin.logentry", "pk": 216, "fields": {"action_time": "2023-12-21T18:24:59.329Z", "user": 1, "content_type": 8, "object_id": "185", "object_repr": "Ben Sanderson - Morning Ride", "action_flag": 3, "change_message": ""}}, {"model": "admin.logentry", "pk": 217, "fields": {"action_time": "2023-12-21T18:24:59.340Z", "user": 1, "content_type": 8, "object_id": "184", "object_repr": "Ben Sanderson - Afternoon Run", "action_flag": 3, "change_message": ""}}, {"model": "admin.logentry", "pk": 218, "fields": {"action_time": "2023-12-21T18:24:59.351Z", "user": 1, "content_type": 8, "object_id": "183", "object_repr": "Ben Sanderson - Morning Ride", "action_flag": 3, "change_message": ""}}, {"model": "admin.logentry", "pk": 219, "fields": {"action_time": "2023-12-21T18:24:59.362Z", "user": 1, "content_type": 8, "object_id": "182", "object_repr": "Ben Sanderson - Morning Run", "action_flag": 3, "change_message": ""}}, {"model": "admin.logentry", "pk": 220, "fields": {"action_time": "2023-12-21T18:24:59.371Z", "user": 1, "content_type": 8, "object_id": "181", "object_repr": "Ben Sanderson - Afternoon Run", "action_flag": 3, "change_message": ""}}, {"model": "admin.logentry", "pk": 221, "fields": {"action_time": "2023-12-21T18:24:59.381Z", "user": 1, "content_type": 8, "object_id": "180", "object_repr": "Ben Sanderson - Morning Ride", "action_flag": 3, "change_message": ""}}, {"model": "admin.logentry", "pk": 222, "fields": {"action_time": "2023-12-21T18:24:59.394Z", "user": 1, "content_type": 8, "object_id": "179", "object_repr": "Ben Sanderson - Morning Run", "action_flag": 3, "change_message": ""}}, {"model": "admin.logentry", "pk": 223, "fields": {"action_time": "2023-12-21T18:24:59.404Z", "user": 1, "content_type": 8, "object_id": "178", "object_repr": "Ben Sanderson - Afternoon Ride", "action_flag": 3, "change_message": ""}}, {"model": "admin.logentry", "pk": 224, "fields": {"action_time": "2023-12-21T18:24:59.416Z", "user": 1, "content_type": 8, "object_id": "177", "object_repr": "Ben Sanderson - Morning Ride", "action_flag": 3, "change_message": ""}}, {"model": "admin.logentry", "pk": 225, "fields": {"action_time": "2023-12-21T18:24:59.424Z", "user": 1, "content_type": 8, "object_id": "176", "object_repr": "Justin Basham - Longdown Circuit", "action_flag": 3, "change_message": ""}}, {"model": "admin.logentry", "pk": 226, "fields": {"action_time": "2023-12-21T18:24:59.432Z", "user": 1, "content_type": 8, "object_id": "175", "object_repr": "Justin Basham - Lee Lane Reverse", "action_flag": 3, "change_message": ""}}, {"model": "admin.logentry", "pk": 227, "fields": {"action_time": "2023-12-21T18:24:59.441Z", "user": 1, "content_type": 8, "object_id": "174", "object_repr": "Justin Basham - West Totton Squash", "action_flag": 3, "change_message": ""}}, {"model": "admin.logentry", "pk": 228, "fields": {"action_time": "2023-12-21T18:24:59.450Z", "user": 1, "content_type": 8, "object_id": "173", "object_repr": "Justin Basham - Southampton Common Hill-Climbs", "action_flag": 3, "change_message": ""}}, {"model": "admin.logentry", "pk": 229, "fields": {"action_time": "2023-12-21T18:24:59.460Z", "user": 1, "content_type": 8, "object_id": "172", "object_repr": "Justin Basham - Longdown Circuit", "action_flag": 3, "change_message": ""}}, {"model": "admin.logentry", "pk": 230, "fields": {"action_time": "2023-12-21T18:24:59.469Z", "user": 1, "content_type": 8, "object_id": "171", "object_repr": "Justin Basham - Beaulieu Circuit", "action_flag": 3, "change_message": ""}}, {"model": "admin.logentry", "pk": 231, "fields": {"action_time": "2023-12-21T18:24:59.481Z", "user": 1, "content_type": 8, "object_id": "170", "object_repr": "Justin Basham - Longdown Circuit", "action_flag": 3, "change_message": ""}}, {"model": "admin.logentry", "pk": 232, "fields": {"action_time": "2023-12-21T18:24:59.496Z", "user": 1, "content_type": 8, "object_id": "169", "object_repr": "Justin Basham - West Totton Squash", "action_flag": 3, "change_message": ""}}, {"model": "admin.logentry", "pk": 233, "fields": {"action_time": "2023-12-21T18:24:59.506Z", "user": 1, "content_type": 8, "object_id": "168", "object_repr": "Justin Basham - Longdown Circuit", "action_flag": 3, "change_message": ""}}, {"model": "admin.logentry", "pk": 234, "fields": {"action_time": "2023-12-21T18:24:59.520Z", "user": 1, "content_type": 8, "object_id": "167", "object_repr": "Tom Hayter - Afternoon Run", "action_flag": 3, "change_message": ""}}, {"model": "admin.logentry", "pk": 235, "fields": {"action_time": "2023-12-21T18:24:59.532Z", "user": 1, "content_type": 8, "object_id": "166", "object_repr": "Tom Hayter - Afternoon Walk", "action_flag": 3, "change_message": ""}}, {"model": "admin.logentry", "pk": 236, "fields": {"action_time": "2023-12-21T18:24:59.543Z", "user": 1, "content_type": 8, "object_id": "165", "object_repr": "Tom Hayter - Frosted Grass", "action_flag": 3, "change_message": ""}}, {"model": "admin.logentry", "pk": 237, "fields": {"action_time": "2023-12-21T18:24:59.552Z", "user": 1, "content_type": 8, "object_id": "164", "object_repr": "Tom Hayter - Lunch Run", "action_flag": 3, "change_message": ""}}, {"model": "admin.logentry", "pk": 238, "fields": {"action_time": "2023-12-21T18:24:59.564Z", "user": 1, "content_type": 8, "object_id": "163", "object_repr": "Tom Hayter - Lunch Run", "action_flag": 3, "change_message": ""}}, {"model": "admin.logentry", "pk": 239, "fields": {"action_time": "2023-12-21T18:24:59.574Z", "user": 1, "content_type": 8, "object_id": "162", "object_repr": "Tom Hayter - Castleton Circular from Edale", "action_flag": 3, "change_message": ""}}, {"model": "admin.logentry", "pk": 240, "fields": {"action_time": "2023-12-21T18:24:59.581Z", "user": 1, "content_type": 8, "object_id": "161", "object_repr": "Tom Hayter - West Totton Squash", "action_flag": 3, "change_message": ""}}, {"model": "admin.logentry", "pk": 241, "fields": {"action_time": "2023-12-21T18:24:59.589Z", "user": 1, "content_type": 8, "object_id": "160", "object_repr": "Tom Hayter - Home Run", "action_flag": 3, "change_message": ""}}, {"model": "admin.logentry", "pk": 242, "fields": {"action_time": "2023-12-21T18:24:59.598Z", "user": 1, "content_type": 8, "object_id": "159", "object_repr": "Tom Hayter - Black Hill", "action_flag": 3, "change_message": ""}}, {"model": "admin.logentry", "pk": 243, "fields": {"action_time": "2023-12-21T18:24:59.605Z", "user": 1, "content_type": 8, "object_id": "158", "object_repr": "Tom Hayter - Mist-timed it", "action_flag": 3, "change_message": ""}}, {"model": "admin.logentry", "pk": 244, "fields": {"action_time": "2023-12-21T18:24:59.613Z", "user": 1, "content_type": 8, "object_id": "157", "object_repr": "Tom Hayter - Adventure Time", "action_flag": 3, "change_message": ""}}, {"model": "admin.logentry", "pk": 245, "fields": {"action_time": "2023-12-21T18:24:59.622Z", "user": 1, "content_type": 8, "object_id": "156", "object_repr": "Tom Hayter - Visiting the biggest sports venue in Manchester on a special day", "action_flag": 3, "change_message": ""}}, {"model": "admin.logentry", "pk": 246, "fields": {"action_time": "2023-12-21T18:24:59.630Z", "user": 1, "content_type": 8, "object_id": "155", "object_repr": "Tom Hayter - Afternoon Stroll", "action_flag": 3, "change_message": ""}}, {"model": "admin.logentry", "pk": 247, "fields": {"action_time": "2023-12-21T18:24:59.639Z", "user": 1, "content_type": 8, "object_id": "154", "object_repr": "Tom Hayter - Afternoon Run", "action_flag": 3, "change_message": ""}}, {"model": "admin.logentry", "pk": 248, "fields": {"action_time": "2023-12-21T18:24:59.648Z", "user": 1, "content_type": 8, "object_id": "153", "object_repr": "Tom Hayter - Halfway from the Battle of Marathon to Athens but it all happened in Salford", "action_flag": 3, "change_message": ""}}, {"model": "admin.logentry", "pk": 249, "fields": {"action_time": "2023-12-21T18:24:59.657Z", "user": 1, "content_type": 8, "object_id": "152", "object_repr": "Tom Hayter - Route Planning", "action_flag": 3, "change_message": ""}}, {"model": "admin.logentry", "pk": 250, "fields": {"action_time": "2023-12-21T18:24:59.666Z", "user": 1, "content_type": 8, "object_id": "151", "object_repr": "Tom Hayter - Morning Run", "action_flag": 3, "change_message": ""}}, {"model": "admin.logentry", "pk": 251, "fields": {"action_time": "2023-12-21T18:24:59.674Z", "user": 1, "content_type": 8, "object_id": "150", "object_repr": "Tom Hayter - The return of the gammy knee", "action_flag": 3, "change_message": ""}}, {"model": "admin.logentry", "pk": 252, "fields": {"action_time": "2023-12-21T18:24:59.684Z", "user": 1, "content_type": 8, "object_id": "149", "object_repr": "Tom Hayter - Quality GPS hiding what an arse I made of going to Salford", "action_flag": 3, "change_message": ""}}, {"model": "admin.logentry", "pk": 253, "fields": {"action_time": "2023-12-21T18:24:59.694Z", "user": 1, "content_type": 8, "object_id": "148", "object_repr": "Tom Hayter - River Irwell Run (and Swim apparently)", "action_flag": 3, "change_message": ""}}, {"model": "admin.logentry", "pk": 254, "fields": {"action_time": "2023-12-21T18:24:59.702Z", "user": 1, "content_type": 8, "object_id": "147", "object_repr": "Tom Hayter - Pictures don't do the New Forest justice", "action_flag": 3, "change_message": ""}}, {"model": "admin.logentry", "pk": 255, "fields": {"action_time": "2023-12-21T18:24:59.710Z", "user": 1, "content_type": 8, "object_id": "146", "object_repr": "Tom Hayter - Seeing what a week of booze, BBQ's, and about 3.4 vegetables total does to a man", "action_flag": 3, "change_message": ""}}, {"model": "admin.logentry", "pk": 256, "fields": {"action_time": "2023-12-21T18:24:59.718Z", "user": 1, "content_type": 8, "object_id": "145", "object_repr": "Tom Hayter - Last squash of summer?", "action_flag": 3, "change_message": ""}}, {"model": "admin.logentry", "pk": 257, "fields": {"action_time": "2023-12-21T18:24:59.727Z", "user": 1, "content_type": 8, "object_id": "144", "object_repr": "Tom Hayter - Longdown with Justin", "action_flag": 3, "change_message": ""}}, {"model": "admin.logentry", "pk": 258, "fields": {"action_time": "2023-12-21T18:24:59.735Z", "user": 1, "content_type": 8, "object_id": "143", "object_repr": "Tom Hayter - Testing the first draft of a program I'm writing using the Strava API", "action_flag": 3, "change_message": ""}}, {"model": "admin.logentry", "pk": 259, "fields": {"action_time": "2023-12-21T18:24:59.744Z", "user": 1, "content_type": 8, "object_id": "142", "object_repr": "Tom Hayter - Parkrun through the annual fun fair", "action_flag": 3, "change_message": ""}}, {"model": "admin.logentry", "pk": 260, "fields": {"action_time": "2023-12-21T18:26:20.155Z", "user": 1, "content_type": 8, "object_id": "207", "object_repr": "Tom Hayter - Home Run", "action_flag": 3, "change_message": ""}}, {"model": "admin.logentry", "pk": 261, "fields": {"action_time": "2023-12-21T18:26:20.170Z", "user": 1, "content_type": 8, "object_id": "206", "object_repr": "Tom Hayter - Black Hill", "action_flag": 3, "change_message": ""}}, {"model": "admin.logentry", "pk": 262, "fields": {"action_time": "2023-12-21T18:26:20.178Z", "user": 1, "content_type": 8, "object_id": "205", "object_repr": "Tom Hayter - Mist-timed it", "action_flag": 3, "change_message": ""}}, {"model": "admin.logentry", "pk": 263, "fields": {"action_time": "2023-12-21T18:26:20.185Z", "user": 1, "content_type": 8, "object_id": "204", "object_repr": "Tom Hayter - Adventure Time", "action_flag": 3, "change_message": ""}}, {"model": "admin.logentry", "pk": 264, "fields": {"action_time": "2023-12-21T18:26:20.193Z", "user": 1, "content_type": 8, "object_id": "203", "object_repr": "Tom Hayter - Visiting the biggest sports venue in Manchester on a special day", "action_flag": 3, "change_message": ""}}, {"model": "admin.logentry", "pk": 265, "fields": {"action_time": "2023-12-21T18:26:20.201Z", "user": 1, "content_type": 8, "object_id": "202", "object_repr": "Tom Hayter - Afternoon Stroll", "action_flag": 3, "change_message": ""}}, {"model": "admin.logentry", "pk": 266, "fields": {"action_time": "2023-12-21T18:26:20.209Z", "user": 1, "content_type": 8, "object_id": "201", "object_repr": "Tom Hayter - Afternoon Run", "action_flag": 3, "change_message": ""}}, {"model": "admin.logentry", "pk": 267, "fields": {"action_time": "2023-12-21T18:26:20.215Z", "user": 1, "content_type": 8, "object_id": "200", "object_repr": "Tom Hayter - Halfway from the Battle of Marathon to Athens but it all happened in Salford", "action_flag": 3, "change_message": ""}}, {"model": "admin.logentry", "pk": 268, "fields": {"action_time": "2023-12-21T18:26:20.224Z", "user": 1, "content_type": 8, "object_id": "199", "object_repr": "Tom Hayter - Route Planning", "action_flag": 3, "change_message": ""}}, {"model": "admin.logentry", "pk": 269, "fields": {"action_time": "2023-12-21T18:26:20.232Z", "user": 1, "content_type": 8, "object_id": "198", "object_repr": "Tom Hayter - Morning Run", "action_flag": 3, "change_message": ""}}, {"model": "admin.logentry", "pk": 270, "fields": {"action_time": "2023-12-21T18:26:20.240Z", "user": 1, "content_type": 8, "object_id": "197", "object_repr": "Tom Hayter - The return of the gammy knee", "action_flag": 3, "change_message": ""}}, {"model": "admin.logentry", "pk": 271, "fields": {"action_time": "2023-12-21T18:26:20.249Z", "user": 1, "content_type": 8, "object_id": "196", "object_repr": "Tom Hayter - Quality GPS hiding what an arse I made of going to Salford", "action_flag": 3, "change_message": ""}}, {"model": "admin.logentry", "pk": 272, "fields": {"action_time": "2023-12-21T18:26:20.256Z", "user": 1, "content_type": 8, "object_id": "195", "object_repr": "Tom Hayter - River Irwell Run (and Swim apparently)", "action_flag": 3, "change_message": ""}}, {"model": "admin.logentry", "pk": 273, "fields": {"action_time": "2023-12-21T18:26:20.263Z", "user": 1, "content_type": 8, "object_id": "194", "object_repr": "Tom Hayter - Pictures don't do the New Forest justice", "action_flag": 3, "change_message": ""}}, {"model": "admin.logentry", "pk": 274, "fields": {"action_time": "2023-12-21T18:26:20.270Z", "user": 1, "content_type": 8, "object_id": "193", "object_repr": "Tom Hayter - Seeing what a week of booze, BBQ's, and about 3.4 vegetables total does to a man", "action_flag": 3, "change_message": ""}}, {"model": "admin.logentry", "pk": 275, "fields": {"action_time": "2023-12-21T18:26:20.278Z", "user": 1, "content_type": 8, "object_id": "192", "object_repr": "Tom Hayter - Last squash of summer?", "action_flag": 3, "change_message": ""}}, {"model": "admin.logentry", "pk": 276, "fields": {"action_time": "2023-12-21T18:26:20.286Z", "user": 1, "content_type": 8, "object_id": "191", "object_repr": "Tom Hayter - Longdown with Justin", "action_flag": 3, "change_message": ""}}, {"model": "admin.logentry", "pk": 277, "fields": {"action_time": "2023-12-21T18:26:20.292Z", "user": 1, "content_type": 8, "object_id": "190", "object_repr": "Tom Hayter - Testing the first draft of a program I'm writing using the Strava API", "action_flag": 3, "change_message": ""}}, {"model": "admin.logentry", "pk": 278, "fields": {"action_time": "2023-12-21T18:26:20.301Z", "user": 1, "content_type": 8, "object_id": "189", "object_repr": "Tom Hayter - Parkrun through the annual fun fair", "action_flag": 3, "change_message": ""}}, {"model": "admin.logentry", "pk": 279, "fields": {"action_time": "2023-12-22T11:26:24.904Z", "user": 1, "content_type": 12, "object_id": "1", "object_repr": "Tom Hayter", "action_flag": 2, "change_message": "[{\"changed\": {\"fields\": [\"ClientID\", \"ClientSecret\", \"AccessToken\", \"Code\", \"ExpiresAt\"]}}]"}}, {"model": "admin.logentry", "pk": 280, "fields": {"action_time": "2023-12-22T11:26:59.414Z", "user": 1, "content_type": 12, "object_id": "2", "object_repr": "Justin Basham", "action_flag": 2, "change_message": "[{\"changed\": {\"fields\": [\"ClientID\", \"ClientSecret\", \"AccessToken\", \"RefreshToken\", \"Code\", \"ExpiresAt\"]}}]"}}, {"model": "admin.logentry", "pk": 281, "fields": {"action_time": "2023-12-22T11:27:28.293Z", "user": 1, "content_type": 12, "object_id": "3", "object_repr": "Ben Sanderson", "action_flag": 2, "change_message": "[{\"changed\": {\"fields\": [\"ClientID\", \"ClientSecret\", \"AccessToken\", \"Code\", \"ExpiresAt\"]}}]"}}, {"model": "admin.logentry", "pk": 282, "fields": {"action_time": "2023-12-22T15:44:40.108Z", "user": 1, "content_type": 11, "object_id": "7", "object_repr": "Distance: Death Star Circumference", "action_flag": 2, "change_message": "[{\"changed\": {\"fields\": [\"Distance\", \"ImageFile\"]}}]"}}, {"model": "admin.logentry", "pk": 283, "fields": {"action_time": "2023-12-22T15:45:05.707Z", "user": 1, "content_type": 11, "object_id": "7", "object_repr": "Distance: Death Star Circumference", "action_flag": 2, "change_message": "[{\"changed\": {\"fields\": [\"ImageFile\"]}}]"}}, {"model": "admin.logentry", "pk": 284, "fields": {"action_time": "2023-12-22T15:45:25.378Z", "user": 1, "content_type": 11, "object_id": "7", "object_repr": "Distance: Death Star Circumference", "action_flag": 2, "change_message": "[{\"changed\": {\"fields\": [\"Distance\"]}}]"}}, {"model": "admin.logentry", "pk": 285, "fields": {"action_time": "2023-12-22T16:18:24.789Z", "user": 1, "content_type": 11, "object_id": "74", "object_repr": "Altitude: Three Peaks Sum", "action_flag": 2, "change_message": "[{\"changed\": {\"fields\": [\"Distance\", \"ImageFile\"]}}]"}}, {"model": "admin.logentry", "pk": 286, "fields": {"action_time": "2023-12-22T16:21:57.409Z", "user": 1, "content_type": 11, "object_id": "74", "object_repr": "Altitude: Three Peaks Sum", "action_flag": 2, "change_message": "[{\"changed\": {\"fields\": [\"ImageFile\"]}}]"}}, {"model": "admin.logentry", "pk": 287, "fields": {"action_time": "2023-12-22T16:22:26.016Z", "user": 1, "content_type": 11, "object_id": "74", "object_repr": "Altitude: Three Peaks Sum", "action_flag": 2, "change_message": "[{\"changed\": {\"fields\": [\"Distance\"]}}]"}}, {"model": "admin.logentry", "pk": 288, "fields": {"action_time": "2023-12-22T16:23:22.275Z", "user": 1, "content_type": 10, "object_id": "72", "object_repr": "Tom Hayter - Altitude: Three Peaks Sum", "action_flag": 2, "change_message": "[{\"changed\": {\"fields\": [\"DateAchieved\"]}}]"}}, {"model": "admin.logentry", "pk": 289, "fields": {"action_time": "2023-12-28T22:49:07.073Z", "user": 1, "content_type": 10, "object_id": "240", "object_repr": "Ben Sanderson - Altitude: ISS", "action_flag": 2, "change_message": "[{\"changed\": {\"fields\": [\"DateAchieved\"]}}]"}}, {"model": "admin.logentry", "pk": 290, "fields": {"action_time": "2023-12-28T22:49:58.113Z", "user": 1, "content_type": 10, "object_id": "240", "object_repr": "Ben Sanderson - Altitude: ISS", "action_flag": 2, "change_message": "[{\"changed\": {\"fields\": [\"DateAchieved\"]}}]"}}, {"model": "admin.logentry", "pk": 291, "fields": {"action_time": "2023-12-28T22:50:37.979Z", "user": 1, "content_type": 10, "object_id": "235", "object_repr": "Ben Sanderson - Altitude: Kilimanjaro", "action_flag": 2, "change_message": "[{\"changed\": {\"fields\": [\"DateAchieved\"]}}]"}}, {"model": "admin.logentry", "pk": 292, "fields": {"action_time": "2024-01-19T14:20:59.754Z", "user": 1, "content_type": 11, "object_id": "9", "object_repr": "Distance: The Old Way", "action_flag": 2, "change_message": "[{\"changed\": {\"fields\": [\"ImageFile\"]}}]"}}, {"model": "admin.logentry", "pk": 293, "fields": {"action_time": "2024-01-19T14:21:28.763Z", "user": 1, "content_type": 11, "object_id": "8", "object_repr": "Distance: Southampton to Manchester", "action_flag": 2, "change_message": "[{\"changed\": {\"fields\": [\"ImageFile\"]}}]"}}, {"model": "admin.logentry", "pk": 294, "fields": {"action_time": "2024-01-19T14:21:46.557Z", "user": 1, "content_type": 11, "object_id": "5", "object_repr": "Distance: Length of River Thames", "action_flag": 2, "change_message": "[{\"changed\": {\"fields\": [\"ImageFile\"]}}]"}}, {"model": "admin.logentry", "pk": 295, "fields": {"action_time": "2024-01-19T14:21:57.257Z", "user": 1, "content_type": 11, "object_id": "4", "object_repr": "Distance: Southampton to Bristol", "action_flag": 2, "change_message": "[{\"changed\": {\"fields\": [\"ImageFile\"]}}]"}}, {"model": "admin.logentry", "pk": 296, "fields": {"action_time": "2024-01-19T14:22:16.624Z", "user": 1, "content_type": 11, "object_id": "5", "object_repr": "Distance: Length of River Thames", "action_flag": 2, "change_message": "[{\"changed\": {\"fields\": [\"ImageFile\"]}}]"}}, {"model": "admin.logentry", "pk": 297, "fields": {"action_time": "2024-01-19T14:22:23.805Z", "user": 1, "content_type": 11, "object_id": "4", "object_repr": "Distance: Southampton to Bristol", "action_flag": 2, "change_message": "[{\"changed\": {\"fields\": [\"ImageFile\"]}}]"}}, {"model": "admin.logentry", "pk": 298, "fields": {"action_time": "2024-01-19T14:22:31.767Z", "user": 1, "content_type": 11, "object_id": "8", "object_repr": "Distance: Southampton to Manchester", "action_flag": 2, "change_message": "[{\"changed\": {\"fields\": [\"ImageFile\"]}}]"}}, {"model": "admin.logentry", "pk": 299, "fields": {"action_time": "2024-01-19T14:22:39.651Z", "user": 1, "content_type": 11, "object_id": "10", "object_repr": "Distance: London Tube Total Length", "action_flag": 2, "change_message": "[{\"changed\": {\"fields\": [\"ImageFile\"]}}]"}}, {"model": "admin.logentry", "pk": 300, "fields": {"action_time": "2024-01-19T14:22:47.657Z", "user": 1, "content_type": 11, "object_id": "11", "object_repr": "Distance: Penine Way", "action_flag": 2, "change_message": "[{\"changed\": {\"fields\": [\"ImageFile\"]}}]"}}, {"model": "admin.logentry", "pk": 301, "fields": {"action_time": "2024-01-19T14:22:54.963Z", "user": 1, "content_type": 11, "object_id": "12", "object_repr": "Distance: London to Paris", "action_flag": 2, "change_message": "[{\"changed\": {\"fields\": [\"ImageFile\"]}}]"}}, {"model": "admin.logentry", "pk": 302, "fields": {"action_time": "2024-05-16T22:10:45.848Z", "user": 1, "content_type": 12, "object_id": "4", "object_repr": "Tom Hayter", "action_flag": 3, "change_message": ""}}, {"model": "admin.logentry", "pk": 303, "fields": {"action_time": "2024-05-16T22:12:04.329Z", "user": 1, "content_type": 12, "object_id": "5", "object_repr": "Tom Hayter", "action_flag": 3, "change_message": ""}}, {"model": "admin.logentry", "pk": 304, "fields": {"action_time": "2024-05-18T08:10:06.159Z", "user": 1, "content_type": 9, "object_id": "72", "object_repr": "Best Injury", "action_flag": 2, "change_message": "[{\"changed\": {\"fields\": [\"Value\", \"Holder\"]}}]"}}, {"model": "admin.logentry", "pk": 305, "fields": {"action_time": "2024-05-29T14:50:32.199Z", "user": 1, "content_type": 12, "object_id": "6", "object_repr": "Tom Hayter", "action_flag": 2, "change_message": "[{\"changed\": {\"fields\": [\"Webuser id\"]}}]"}}, {"model": "admin.logentry", "pk": 306, "fields": {"action_time": "2024-05-29T15:06:40.807Z", "user": 1, "content_type": 12, "object_id": "1", "object_repr": "Thom Hayter", "action_flag": 2, "change_message": "[{\"changed\": {\"fields\": [\"Webuser\", \"FirstName\"]}}]"}}, {"model": "admin.logentry", "pk": 307, "fields": {"action_time": "2024-05-29T15:12:11.998Z", "user": 1, "content_type": 12, "object_id": "1", "object_repr": "OG Hayter", "action_flag": 2, "change_message": "[{\"changed\": {\"fields\": [\"FirstName\"]}}]"}}, {"model": "admin.logentry", "pk": 308, "fields": {"action_time": "2024-05-29T15:12:27.818Z", "user": 1, "content_type": 12, "object_id": "6", "object_repr": "Tom Hayter", "action_flag": 3, "change_message": ""}}, {"model": "admin.logentry", "pk": 309, "fields": {"action_time": "2024-05-29T15:12:51.723Z", "user": 1, "content_type": 4, "object_id": "2", "object_repr": "tomtest", "action_flag": 2, "change_message": "[{\"changed\": {\"fields\": [\"Username\"]}}]"}}, {"model": "admin.logentry", "pk": 310, "fields": {"action_time": "2024-05-29T15:30:21.569Z", "user": 1, "content_type": 12, "object_id": "7", "object_repr": "Tom Hayter", "action_flag": 2, "change_message": "[{\"changed\": {\"fields\": [\"Webuser\"]}}]"}}, {"model": "admin.logentry", "pk": 311, "fields": {"action_time": "2024-05-29T15:31:37.985Z", "user": 1, "content_type": 12, "object_id": "7", "object_repr": "Tom Hayter", "action_flag": 3, "change_message": ""}}, {"model": "admin.logentry", "pk": 312, "fields": {"action_time": "2024-05-29T15:46:30.013Z", "user": 1, "content_type": 12, "object_id": "8", "object_repr": "Tom Hayter", "action_flag": 3, "change_message": ""}}, {"model": "admin.logentry", "pk": 313, "fields": {"action_time": "2024-05-29T15:46:30.018Z", "user": 1, "content_type": 12, "object_id": "1", "object_repr": "OG Hayter", "action_flag": 3, "change_message": ""}}, {"model": "admin.logentry", "pk": 314, "fields": {"action_time": "2024-05-29T16:09:11.114Z", "user": 1, "content_type": 12, "object_id": "3", "object_repr": "Ben Sanderson", "action_flag": 3, "change_message": ""}}, {"model": "admin.logentry", "pk": 315, "fields": {"action_time": "2024-05-29T16:09:11.121Z", "user": 1, "content_type": 12, "object_id": "2", "object_repr": "Justin Basham", "action_flag": 3, "change_message": ""}}, {"model": "admin.logentry", "pk": 316, "fields": {"action_time": "2026-01-24T21:58:03.218Z", "user": 1, "content_type": 11, "object_id": "75", "object_repr": "Altitude: Mount Fuji", "action_flag": 2, "change_message": "[{\"changed\": {\"fields\": [\"ImageFile\"]}}]"}}, {"model": "admin.logentry", "pk": 317, "fields": {"action_time": "2026-01-24T22:05:49.121Z", "user": 1, "content_type": 11, "object_id": "16", "object_repr": "Distance: Camino de Santiago", "action_flag": 2, "change_message": "[{\"changed\": {\"fields\": [\"ImageFile\"]}}]"}}, {"model": "admin.logentry", "pk": 318, "fields": {"action_time": "2026-01-24T22:06:39.875Z", "user": 1, "content_type": 11, "object_id": "17", "object_repr": "Distance: Megametre", "action_flag": 2, "change_message": "[{\"changed\": {\"fields\": [\"Name\", \"ImageFile\"]}}]"}}, {"model": "admin.logentry", "pk": 319, "fields": {"action_time": "2026-01-24T22:07:07.083Z", "user": 1, "content_type": 11, "object_id": "14", "object_repr": "Distance: Edinburgh to Penzance", "action_flag": 2, "change_message": "[{\"changed\": {\"fields\": [\"ImageFile\"]}}]"}}, {"model": "admin.logentry", "pk": 320, "fields": {"action_time": "2026-01-24T22:12:00.061Z", "user": 1, "content_type": 11, "object_id": "15", "object_repr": "Distance: Southampton to Edinburgh", "action_flag": 2, "change_message": "[{\"changed\": {\"fields\": [\"ImageFile\"]}}]"}}, {"model": "auth.permission", "pk": 1, "fields": {"name": "Can add log entry", "content_type": 1, "codename": "add_logentry"}}, {"model": "auth.permission", "pk": 2, "fields": {"name": "Can change log entry", "content_type": 1, "codename": "change_logentry"}}, {"model": "auth.permission", "pk": 3, "fields": {"name": "Can delete log entry", "content_type": 1, "codename": "delete_logentry"}}, {"model": "auth.permission", "pk": 4, "fields": {"name": "Can view log entry", "content_type": 1, "codename": "view_logentry"}}, {"model": "auth.permission", "pk": 5, "fields": {"name": "Can add permission", "content_type": 2, "codename": "add_permission"}}, {"model": "auth.permission", "pk": 6, "fields": {"name": "Can change permission", "content_type": 2, "codename": "change_permission"}}, {"model": "auth.permission", "pk": 7, "fields": {"name": "Can delete permission", "content_type": 2, "codename": "delete_permission"}}, {"model": "auth.permission", "pk": 8, "fields": {"name": "Can view permission", "content_type": 2, "codename": "view_permission"}}, {"model": "auth.permission", "pk": 9, "fields": {"name": "Can add group", "content_type": 3, "codename": "add_group"}}, {"model": "auth.permission", "pk": 10, "fields": {"name": "Can change group", "content_type": 3, "codename": "change_group"}}, {"model": "auth.permission", "pk": 11, "fields": {"name": "Can delete group", "content_type": 3, "codename": "delete_group"}}, {"model": "auth.permission", "pk": 12, "fields": {"name": "Can view group", "content_type": 3, "codename": "view_group"}}, {"model": "auth.permission", "pk": 13, "fields": {"name": "Can add user", "content_type": 4, "codename": "add_user"}}, {"model": "auth.permission", "pk": 14, "fields": {"name": "Can change user", "content_type": 4, "codename": "change_user"}}, {"model": "auth.permission", "pk": 15, "fields": {"name": "Can delete user", "content_type": 4, "codename": "delete_user"}}, {"model": "auth.permission", "pk": 16, "fields": {"name": "Can view user", "content_type": 4, "codename": "view_user"}}, {"model": "auth.permission", "pk": 17, "fields": {"name": "Can add content type", "content_type": 5, "codename": "add_contenttype"}}, {"model": "auth.permission", "pk": 18, "fields": {"name": "Can change content type", "content_type": 5, "codename": "change_contenttype"}}, {"model": "auth.permission", "pk": 19, "fields": {"name": "Can delete content type", "content_type": 5, "codename": "delete_contenttype"}}, {"model": "auth.permission", "pk": 20, "fields": {"name": "Can view content type", "content_type": 5, "codename": "view_contenttype"}}, {"model": "auth.permission", "pk": 21, "fields": {"name": "Can add session", "content_type": 6, "codename": "add_session"}}, {"model": "auth.permission", "pk": 22, "fields": {"name": "Can change session", "content_type": 6, "codename": "change_session"}}, {"model": "auth.permission", "pk": 23, "fields": {"name": "Can delete session", "content_type": 6, "codename": "delete_session"}}, {"model": "auth.permission", "pk": 24, "fields": {"name": "Can view session", "content_type": 6, "codename": "view_session"}}, {"model": "auth.permission", "pk": 25, "fields": {"name": "Can add best effort", "content_type": 7, "codename": "add_besteffort"}}, {"model": "auth.permission", "pk": 26, "fields": {"name": "Can change best effort", "content_type": 7, "codename": "change_besteffort"}}, {"model": "auth.permission", "pk": 27, "fields": {"name": "Can delete best effort", "content_type": 7, "codename": "delete_besteffort"}}, {"model": "auth.permission", "pk": 28, "fields": {"name": "Can view best effort", "content_type": 7, "codename": "view_besteffort"}}, {"model": "auth.permission", "pk": 29, "fields": {"name": "Can add activity", "content_type": 8, "codename": "add_activity"}}, {"model": "auth.permission", "pk": 30, "fields": {"name": "Can change activity", "content_type": 8, "codename": "change_activity"}}, {"model": "auth.permission", "pk": 31, "fields": {"name": "Can delete activity", "content_type": 8, "codename": "delete_activity"}}, {"model": "auth.permission", "pk": 32, "fields": {"name": "Can view activity", "content_type": 8, "codename": "view_activity"}}, {"model": "auth.permission", "pk": 33, "fields": {"name": "Can add trophy", "content_type": 9, "codename": "add_trophy"}}, {"model": "auth.permission", "pk": 34, "fields": {"name": "Can change trophy", "content_type": 9, "codename": "change_trophy"}}, {"model": "auth.permission", "pk": 35, "fields": {"name": "Can delete trophy", "content_type": 9, "codename": "delete_trophy"}}, {"model": "auth.permission", "pk": 36, "fields": {"name": "Can view trophy", "content_type": 9, "codename": "view_trophy"}}, {"model": "auth.permission", "pk": 37, "fields": {"name": "Can add user milestone", "content_type": 10, "codename": "add_usermilestone"}}, {"model": "auth.permission", "pk": 38, "fields": {"name": "Can change user milestone", "content_type": 10, "codename": "change_usermilestone"}}, {"model": "auth.permission", "pk": 39, "fields": {"name": "Can delete user milestone", "content_type": 10, "codename": "delete_usermilestone"}}, {"model": "auth.permission", "pk": 40, "fields": {"name": "Can view user milestone", "content_type": 10, "codename": "view_usermilestone"}}, {"model": "auth.permission", "pk": 41, "fields": {"name": "Can add milestone", "content_type": 11, "codename": "add_milestone"}}, {"model": "auth.permission", "pk": 42, "fields": {"name": "Can change milestone", "content_type": 11, "codename": "change_milestone"}}, {"model": "auth.permission", "pk": 43, "fields": {"name": "Can delete milestone", "content_type": 11, "codename": "delete_milestone"}}, {"model": "auth.permission", "pk": 44, "fields": {"name": "Can view milestone", "content_type": 11, "codename": "view_milestone"}}, {"model": "auth.permission", "pk": 45, "fields": {"name": "Can add user", "content_type": 12, "codename": "add_user"}}, {"model": "auth.permission", "pk": 46, "fields": {"name": "Can change user", "content_type": 12, "codename": "change_user"}}, {"model": "auth.permission", "pk": 47, "fields": {"name": "Can delete user", "content_type": 12, "codename": "delete_user"}}, {"model": "auth.permission", "pk": 48, "fields": {"name": "Can view user", "content_type": 12, "codename": "view_user"}}, {"model": "auth.user", "pk": 1, "fields": {"password": "pbkdf2_sha256$1200000$UhfMuwASi5Oy5vuhcGZm1e$1iBwlnotU0EBKsY99jDT6ObGLmlQT6PclA9wWUB/FlE=", "last_login": "2026-01-25T00:09:45.011Z", "is_superuser": true, "username": "tomhayter", "first_name": "", "last_name": "", "email": "tomhayter24@gmail.com", "is_staff": true, "is_active": true, "date_joined": "2023-12-20T14:49:58.806Z", "groups": [], "user_permissions": []}}, {"model": "auth.user", "pk": 2, "fields": {"password": "pbkdf2_sha256$600000$NfUW01uGWSoyeTnoAE4xSU$bR89fTiswNdJ8eyfrVosXXySnlTPgCxPeaqFRD9QhTQ=", "last_login": "2024-07-08T08:43:17.457Z", "is_superuser": false, "username": "tomtest", "first_name": "", "last_name": "", "email": "", "is_staff": false, "is_active": true, "date_joined": "2024-05-29T14:34:46Z", "groups": [], "user_permissions": []}}, {"model": "auth.user", "pk": 3, "fields": {"password": "pbkdf2_sha256$600000$3hnG4xbbh74hSLe3Ord9OT$uxZwgHJVTlsdR13hlV5FkFJTXo78damYYWSI2rYosls=", "last_login": "2024-09-05T19:45:28.223Z", "is_superuser": false, "username": "ben", "first_name": "", "last_name": "", "email": "", "is_staff": false, "is_active": true, "date_joined": "2024-09-05T19:45:27.804Z", "groups": [], "user_permissions": []}}, {"model": "auth.user", "pk": 4, "fields": {"password": "pbkdf2_sha256$1200000$7TJDs2stiZjB3nFuUSWxgK$BPrlYqx/O6N++5TItFcjMJo+pdSvang3ubRfmAwDHsE=", "last_login": "2026-01-25T01:26:00.969Z", "is_superuser": false, "username": "tomhayter2", "first_name": "", "last_name": "", "email": "", "is_staff": false, "is_active": true, "date_joined": "2026-01-25T01:26:00.435Z", "groups": [], "user_permissions": []}}, {"model": "sessions.session", "pk": "8sup54il4siqigkz9ofboc89ffog2udm", "fields": {"session_data": ".eJxVjDsOwjAQBe_iGllJvP4sJT1nsHbtNQ6gRIqTCnF3iJQC2jcz76UibWuNW5MljlmdVa9OvxtTesi0g3yn6TbrNE_rMrLeFX3Qpq9zluflcP8OKrX6rRkQHRafCg2IRtg79iEE4i4PAcAJGmeBQiEbCkMyAtJ3psPee8tevT_esjdt:1sRHQl:hjEfSyTA0KZzmkQXeY9g2dmRGC1of3_rPvBNt8-prY8", "expire_date": "2024-07-23T20:27:19.622Z"}}, {"model": "sessions.session", "pk": "ixf401pgtif05th94nxyvq9xt1a95y4g", "fields": {"session_data": ".eJxVjDsOwjAQBe_iGln-rTempOcMlj9rHEC2FCcV4u4QKQW0b2bei_mwrdVvgxY_Z3Zmmp1-txjSg9oO8j20W-ept3WZI98VftDBrz3T83K4fwc1jPqtHUKGmErJRgchNeJEUqkIzhlZEIlAIFgjhTGginCUJikJU1LO2qzY-wPMLDb1:1smIQ4:hvnLk7s68h2EVEbrj-YWsgF4wYR90FqD8ouoK6Py3Lc", "expire_date": "2024-09-19T19:45:28.230Z"}}, {"model": "sessions.session", "pk": "wakjoy8vacwpaq2cy0yvjw16we52zr13", "fields": {"session_data": ".eJxVjDsOwjAQBe_iGllJvP4sJT1nsHbtNQ6gRIqTCnF3iJQC2jcz76UibWuNW5MljlmdVa9OvxtTesi0g3yn6TbrNE_rMrLeFX3Qpq9zluflcP8OKrX6rRkQHRafCg2IRtg79iEE4i4PAcAJGmeBQiEbCkMyAtJ3psPee8tevT_esjdt:1rFxuH:AeUfKtPj2sQkNUr4ryLEJz5ZcAY2NTWpGNxZxbsGi-o", "expire_date": "2024-01-03T14:50:45.978Z"}}, {"model": "sessions.session", "pk": "xt47v0rl1qhhzpraafmtiw7num3h0u5i", "fields": {"session_data": ".eJxVjDsOwjAQBe_iGllJvP4sJT1nsHbtNQ6gRIqTCnF3iJQC2jcz76UibWuNW5MljlmdVa9OvxtTesi0g3yn6TbrNE_rMrLeFX3Qpq9zluflcP8OKrX6rRkQHRafCg2IRtg79iEE4i4PAcAJGmeBQiEbCkMyAtJ3psPee8tevT_esjdt:1rQpjY:va0rUh8naT9FqiwW_vPMx3_iClvOIqkbANP03sLCCXI", "expire_date": "2024-02-02T14:20:36.403Z"}}]
